id,title,category,department,rows,columns,headers,updated_at
10,Patents 2024,,,348,8,S. No. | Name | Department | Topic | Date of Publication | Application No. | Status | Document,2026-01-10T07:15:16.971029Z
100,Research papers,Research,,1189,9,"S. No. | Title of paper | Name of the author/s | Department of the teacher | Name of journal | Year of publication | ISSN number | Link to the recognition in UGC enlistment of the Journal | Is it listed in
 UGC Care
 list/Scopus/Web of Science /Others",2026-06-24T17:27:11.076916Z
101,Research papers 2023-24,Research,,1153,9,"S. No. | Title of paper | Name of the author/s | Department of the teacher | Name of journal | Year of publication | ISSN number | Link to the recognition in UGC enlistment of the Journal | Is it listed in
 UGC Care
 list/Scopus/Web of Science /Others",2026-06-24T17:26:52.309544Z
102,Research Papers -2022-23,Research,,1300,9,"S. No. | Title of paper | Name of the author/s | Department of the teacher | Name of journal | Year of publication | ISSN number | Link to the recognition in UGC enlistment of the Journal | Is it listed in
 UGC Care
 list/Scopus/Web of Science /Others",2026-06-23T17:26:29.947344Z
103,Research paper- 2021-22,Research,,873,9,"S. No. | Title of paper | Name of the author/s | Department of the teacher | Name of journal | Year of publication | ISSN number | Link to the recognition in UGC enlistment of the Journal | Is it listed in
 UGC Care
 list/Scopus/Web of Science /Others",2026-06-24T17:23:33.081292Z
104,Research Papers-2020-21,Research,,66,9,"S. No. | Title of paper | Name of the author/s | Department of the teacher | Name of journal | Year of publication | ISSN number | Link to the recognition in UGC enlistment of the Journal | Is it listed in
 UGC Care
 list/Scopus/Web of Science /Other",2026-06-24T17:21:48.430911Z
105,Research papers-19-20,Research,,90,9,"S. No. | Title of paper | Name of the author/s | Department of the teacher | Name of journal | Year of publication | ISSN number | Link to the recognition in UGC enlistment of the Journal | Is it listed in
 UGC Care
 list/Scopus/Web of Science /Others",2026-06-24T17:20:18.125576Z
106,research papers-18-19,Research,,31,9,"S. No. | Title of paper | Name of the author/s | Department of the teacher | Name of journal | Year of publication | ISSN number | Link to the recognition in UGC enlistment of the Journal | Is it listed in
 UGC Care
 list/Scopus/Web of Science /Others",2026-06-24T17:20:00.314298Z
11,Patents 2023,Patents,,83,8,S. No. | Name | Department | Topic | Date of Publication | Application No. | Status | Document,2026-01-10T07:16:22.224230Z
12,Patents 2022,Patents,,44,8,S. No. | Name | Department | Topic | Date of Publication | Application Number | Status | Document,2026-01-10T07:17:17.052080Z
13,Patents 2021,Patents,,44,8,S. No. | Name | Department | Topic | Date of Publication | Application Number | Status | Document,2026-01-10T07:17:37.279490Z
14,ipr-events-24-25,,,28,5,S. No. | Name of the Workshop/Seminar | No. of Participant | Date | Year,2026-01-10T09:58:03.256111Z
15,ipr-events-23-24,,,32,5,S. No. | Name of the Workshop/Seminar | No. of Participant | Date | Year,2026-01-10T09:59:14.110346Z
16,ipr-events-22-23,,,28,5,S. No. | Name of the Workshop/Seminar | No. of Participant | Date | Year,2026-03-09T10:14:45.993093Z
17,ipr-events-21-22,,,23,5,S. No. | Name of the workshop/ seminar | Number of Participants | Date | Year,2026-01-10T10:00:49.783020Z
18,ipr-events-20-21,,,11,5,S. No. | Name of the workshop/ seminar | Number of Participants | Date | Year,2026-01-10T10:01:35.652713Z
19,ipr-events-19-20,,,16,5,S. No. | Name of the workshop/ seminar | Number of Participants | Date | Year,2026-01-10T10:02:03.293857Z
20,ipr-events-18-19,,,31,4,S. No. | Professional Development Programs For Teaching & Non Teaching Staff | Date | Year,2026-01-10T10:02:29.624264Z
21,ipr-events-17-18,,,33,4,S. No. | Professional Development Programs For Teaching & Non Teaching Staff. | Date | Year,2026-01-10T10:03:01.399748Z
22,ipr-events-16-17,,,44,4,S. No. | Professional Development Programs For Teaching & Non Teaching Staff | Date | Year,2026-01-10T10:03:29.168231Z
23,ipr-events-15-16,,,29,4,S. No. | Professional Development Programs For Teaching & Non Teaching Staff | Date | Year,2026-01-10T10:04:17.631002Z
24,ipr-events-14-15,,,48,4,S. No. | Professional Development Programs For Teaching & Non Teaching Staff | Date | Year,2026-01-10T10:04:50.974731Z
25,ipr-events-13-14,,,33,4,S. No. | Professional Development Programs For Teaching & Non Teaching Staff | Date | Year,2026-01-10T10:05:25.789971Z
26,Conferences,,,30,6,S. No. | Faculty | Name of The Conference | National/ International | Date | Year,2026-01-10T10:30:59.149875Z
27,book-chapter-25-26,,,156,12,S. No. | Name of the teacher | Department | Title of the book/chapters published | Title of the paper | Title of the proceedings of the conference | Name of the conference | National / International | Year of publication | ISBN/ISSN number of the proceeding | Affiliating Institute at the time of publication | Name of the publisher,2026-01-10T10:39:44.746159Z
28,book-chapter-24-25,,,898,12,S. No. | Name of the teacher | Department | Title of the book/chapters published | Title of the paper | Title of the proceedings of the conference | Name of the conference | National / International | Year of publication | ISBN/ISSN number of the proceeding | Affiliating Institute at the time of publication | Name of the publisher,2026-01-10T10:41:57.364904Z
29,book-chapter-23-24,,,761,12,S. No. | Name of the teacher | Department | Title of the book/chapters published | Title of the paper | Title of the proceedings of the conference | Name of the conference | National / International | Year of publication | ISBN/ISSN number of the proceeding | Affiliating Institute at the time of publication | Name of the publisher,2026-01-10T10:42:37.780602Z
30,book-chapter-19-20,,,90,9,"S. No. | Title of paper | Name of the author/s | Department of the teacher | Name of journal | Year of publication | ISSN number | Link to the recognition in UGC enlistment of the Journal | Is it listed in
 UGC Care
 list/Scopus/Web of Science /other, mention",2026-01-10T11:14:49.903238Z
31,book-chapter-21-22,,,171,12,"S. No. | Name of the teacher | Department | Title of the book/chapters published | Title of the paper | Title of the proceedings of the conference | Name of the conference | National / 
 International | Year of publication | ISBN/ISSN number of the proceeding | Affiliating 
 Institute at the time of publication | Name of the publisher",2026-01-10T10:44:12.969405Z
32,book-chapter-20-21,,,155,12,"S. No. | Name of the teacher | Department | Title of the book/chapters published | Title of the paper | Title of the proceedings of the conference | Name of the conference | National / International | Year of publication | ISBN/ISSN number of the proceeding | Affiliating 
 Institute at the time of publication | Name of the publisher",2026-01-10T10:44:53.701355Z
33,book-chapter-19-20,,,138,12,"S. No. | Name of the teacher | Department | Title of the book/chapters published | Title of the paper | Title of the proceedings of the conference | Name of the conference | National / International | Year of publication | ISBN/ISSN number of the proceeding | Affiliating 
 Institute at the time of publication | Name of the publisher",2026-01-10T10:45:35.472301Z
34,book-chapter-18-19,,,74,11,"S. No. | Name of the teacher | Department | Title of the book/chapters published | Title of the proceedings of the conference | Name of the conference | National / International | Year of publication | ISBN/ISSN number of the proceeding | Affiliating 
 Institute at the time of publication | Name of the publisher",2026-01-10T10:46:03.844747Z
35,research-papers-24-25,,,1189,9,"S. No. | Title of paper | Name of the author/s | Department of the teacher | Name of journal | Year of publication | ISSN number | Link to the recognition in UGC enlistment of the Journal | Is it listed in
 UGC Care
 list/Scopus/Web of Science /other, mention",2026-01-10T10:51:45.305289Z
36,research-papers-23-24,,,1153,9,"S. No. | Title of paper | Name of the author/s | Department of the teacher | Name of journal | Year of publication | ISSN number | Link to the recognition in UGC enlistment of the Journal | Is it listed in
 UGC Care
 list/Scopus/Web of Science /other, mention",2026-01-10T10:52:12.162189Z
37,research-papers-22-23,,,1300,9,"S. No. | Title of paper | Name of the author/s | Department of the teacher | Name of journal | Year of publication | ISSN number | Link to the recognition in UGC enlistment of the Journal | Is it listed in
 UGC Care
 list/Scopus/Web of Science /other, mention",2026-01-10T10:52:40.705212Z
38,research-papers-21-22,,,873,9,"S. No. | Title of paper | Name of the author/s | Department of the teacher | Name of journal | Year of publication | ISSN number | Link to the recognition in UGC enlistment of the Journal | Is it listed in
 UGC Care
 list/Scopus/Web of Science /other, mention",2026-01-10T10:53:09.425784Z
39,research-papers-20-21,,,66,9,"S. No. | Title of paper | Name of the author/s | Department of the teacher | Name of journal | Year of publication | ISSN number | Link to the recognition in UGC enlistment of the Journal | Is it listed in
 UGC Care
 list/Scopus/Web of Science /other, mention",2026-01-10T10:53:38.388769Z
40,research-papers-18-19,,,31,9,"S. No. | Title of paper | Name of the author/s | Department of the teacher | Name of journal | Year of publication | ISSN number | Link to the recognition in UGC enlistment of the Journal | Is it listed in
 UGC Care
 list/Scopus/Web of Science /other, mention",2026-01-10T11:15:30.359361Z
41,research-papers-19-20,,,90,9,"S. No. | Title of paper | Name of the author/s | Department of the teacher | Name of journal | Year of publication | ISSN number | Link to the recognition in UGC enlistment of the Journal | Is it listed in
 UGC Care
 list/Scopus/Web of Science /other, mention",2026-01-10T11:19:06.717483Z
42,Training & Internship for Session 2022-23,Placement,,117,6,S.No. | C.No. | Program Code | Programme name | Name of the students | Name of Company,2026-01-30T15:46:53.486130Z
43,Training & Internship for Session 2023-24,Placement,,223,7,Certificate No. | S.No. | Name | Course | Semester | Faculty Name | Industry Name,2026-01-30T15:39:42.685840Z
44,Training & Internship for Session 2024-25,Placement,,170,7,Certificate No. | S.No. | Name | Course | Semester | Faculty Name | Industry Name,2026-01-30T15:40:17.850552Z
45,Training & Internship for Session 2021-22,Placement,,140,6,S.No. | C.No. | Program Code | Programme name | Name of the students | Company Name,2026-01-30T15:46:36.937012Z
46,patents-2024,Patents,,348,8,S. No. | Name | Department | Topic | Date of Publication | Application No. | Status | Document,2026-01-30T17:41:40.184430Z
47,patents-2025,Patents,,13,7,S. No. | Name | Department | Topic | Date of Publication | Application Number | Status,2026-01-30T17:42:30.502440Z
48,books 2018-19,books,,74,11,"S. No. | Name of the teacher | Department | Title of the book/chapters published | Title of the proceedings of the conference | Name of the conference | National / International | Year of publication | ISBN/ISSN number of the proceeding | Affiliating 
 Institute at the time of publication | Name of the publisher",2026-01-30T19:05:26.189473Z
49,books 2019-20,books,,138,12,"S. No. | Name of the teacher | Department | Title of the book/chapters published | Title of the paper | Title of the proceedings of the conference | Name of the conference | National / International | Year of publication | ISBN/ISSN number of the proceeding | Affiliating 
 Institute at the time of publication | Name of the publisher",2026-01-30T19:05:42.128687Z
50,books 2020-21,books,,155,12,"S. No. | Name of the teacher | Department | Title of the book/chapters published | Title of the paper | Title of the proceedings of the conference | Name of the conference | National / International | Year of publication | ISBN/ISSN number of the proceeding | Affiliating 
 Institute at the time of publication | Name of the publisher",2026-01-30T19:05:56.333686Z
51,books 2021-22,books,,171,12,"S. No. | Name of the teacher | Department | Title of the book/chapters published | Title of the paper | Title of the proceedings of the conference | Name of the conference | National / 
 International | Year of publication | ISBN/ISSN number of the proceeding | Affiliating 
 Institute at the time of publication | Name of the publisher",2026-01-30T19:06:36.857998Z
52,books 2022-23,books,,668,11,"S. No. | Name of the teacher | Department | Title of the book/chapters published | Title of the proceedings of the conference | Name of the conference | National / International | Year of publication | ISBN/ISSN number of the proceeding | Affiliating 
 Institute at the time of publication | Name of the publisher",2026-01-30T19:07:00.706107Z
53,books 2023-24,books,,761,12,S. No. | Name of the teacher | Department | Title of the book/chapters published | Title of the paper | Title of the proceedings of the conference | Name of the conference | National / International | Year of publication | ISBN/ISSN number of the proceeding | Affiliating Institute at the time of publication | Name of the publisher,2026-01-30T19:07:13.962915Z
54,books 2024-25,books,,898,12,S. No. | Name of the teacher | Department | Title of the book/chapters published | Title of the paper | Title of the proceedings of the conference | Name of the conference | National / International | Year of publication | ISBN/ISSN number of the proceeding | Affiliating Institute at the time of publication | Name of the publisher,2026-01-30T19:07:31.740226Z
55,books 2025-26,books,,156,12,S. No. | Name of the teacher | Department | Title of the book/chapters published | Title of the paper | Title of the proceedings of the conference | Name of the conference | National / International | Year of publication | ISBN/ISSN number of the proceeding | Affiliating Institute at the time of publication | Name of the publisher,2026-01-30T19:07:47.296070Z
56,Active MoU,Research,,160,8,Sr. No. | Date of MoU | Date of Expiry | Name of Institute / Organisation | Location | Country | Type of Partnership | Faculty,2026-02-05T07:54:06.724494Z
57,research papers,Research,,1189,9,"S. No. | Title of paper | Name of the author/s | Department of the teacher | Name of journal | Year of publication | ISSN number | Link to the recognition in UGC enlistment of the Journal | Is it listed in
 UGC Care
 list/Scopus/Web of Science /other, mention",2026-02-21T10:28:05.062588Z
58,Details Of Career Counselling,Placement,,50,4,Year | Details of career counselling | Number of students attended / participated | Date of Event,2026-02-23T07:52:44.754783Z
59,Collaborations,Placement,,203,6,S.No. | Date | Type of Partnership | Name | MOU Type | Country,2026-02-23T10:56:33.545915Z
60,Guidance For Competitive Exams,Placement,,72,4,Year | Name of the Activity | Number of students attended / participated | Date of Event,2026-02-24T10:13:24.687478Z
61,Capacity Development & Skill Enhancement Initiatives - 2024 - 25,Placement,,78,4,Name of the capability program | Date of implementation (DD-MM-YYYY) | Number of students enrolled | Name of the agencies/consultants involved with contact details (if any),2026-02-24T10:42:02.711196Z
62,Capacity Development & Skill Enhancement Initiatives - 2023 - 24,Placement,,54,4,Name of the capability enhancement program | Date of implementation (DD-MM-YYYY) | Number of students enrolled | Name of the agencies/consultants involved with contact details (if any),2026-02-24T10:51:31.907424Z
63,Capacity Development & Skill Enhancement Initiatives - 2022 - 23,Placement,,67,4,Name of The Capability Enhancement Program | Date of Implementation (DD-MM-YYYY) | Number of Students Enrolled | Name of The Agencies/Consultants Involved With Contact Details (If Any),2026-02-24T10:52:26.807547Z
64,Capacity Development & Skill Enhancement Initiatives - 2021 - 22,Placement,,58,4,Name of The Capacity Development and Skills Enhancement Schemes | Date of Implementation (DD-MM-YYYY) | Number of Students Enrolled | Name of The Agencies/Consultants Involved With Contact Details (If Any),2026-02-24T10:55:09.266842Z
65,Capacity Development & Skill Enhancement Initiatives - 2020 - 21,Placement,,66,4,Name of the Capability Enhancement Program | Date of Implementation (DD-MM-YYYY) | Number of Students Enrolled | Name of the Agencies/Consultants Involved with Contact Details (if any),2026-02-24T10:56:08.980474Z
66,Capacity Development & Skill Enhancement Initiatives - 2018 - 19,Placement,,20,4,Name of The Capability Enhancement Program | Date of Implementation (DD-MM-YYYY) | Number of  Students Enrolled | Name of  The Agencies/Consultants Involved With Contact Details (If Any),2026-02-24T10:57:24.284515Z
67,Our Collaborative Activities,,,16,6,Year of Signing the MoU | Name of the Organisation with whom the MoU/Collaboration is Being Signed | Duration | Purpose of MoU/Collaboration | List the Actual Activities under each MoU Year-wise | Year of the Activity Conducted,2026-02-27T13:38:28.254206Z
68,Our Collaborations,,,203,6,S.No. | Date | Type of Partnership | Name | MOU Type | Country,2026-02-27T13:38:47.295189Z
69,Our Collaborative Activities 2021-2022,,,11,6,Year of Signing the MoU | Name of the Organisation with whom the MoU/Collaboration is Being Signed | Duration | Purpose of MoU/Collaboration | List the Actual Activities under each MoU Year-wise | Year of the Activity Conducted,2026-02-27T13:54:06.570129Z
7,mou,,,160,8,Sr. No. | Date of MoU | Date of Expiry | Name of Institute / Organisation | Location | Country | Type of Partnership | Faculty,2026-01-09T08:46:27.791521Z
70,Our Collaborative Activities 2020 2021,,,17,6,Year of Signing the MoU | Name of the Organisation with whom the MoU/Collaboration is Being Signed | Duration | Purpose of MoU/Collaboration | List the Actual Activities under each MoU Year-wise | Year of the Activity Conducted,2026-02-27T13:54:32.316755Z
71,Our Collaborative Activities 2019-20,,,29,6,Year of Signing the MoU | Name of the Organisation with whom the MoU/Collaboration is Being Signed | Duration | Purpose of MoU/Collaboration | List the Actual Activities under each MoU Year-wise | Year of the Activity Conducted,2026-02-27T13:55:01.292199Z
72,Our Collaborative Activities 18-19,,,9,6,Year of Signing the MoU | Name of the Organisation with whom the MoU/Collaboration is Being Signed | Duration | Purpose of MoU/Collaboration | List the Actual Activities under each MoU Year-wise | Year of the Activity Conducted,2026-02-27T13:55:24.800006Z
73,Patents Lists - 2021,Managment,,1,6,Sr. No | Name | Topic | Date of Publication | Application Number | Status,2026-03-02T16:48:46.082685Z
74,Patents Lists - 2024,Managment,,14,6,Sr. No | Name | Topic | Date of Publication | Application Number | Status,2026-03-02T16:50:18.811353Z
75,Patents Lists - 2023,Managment,,3,6,Sr. No | Name | Topic | Date of Publication | Application Number | Status,2026-03-02T16:51:06.722890Z
76,Patents Lists - 2021 -1,Managment,,5,6,Sr. No | Name | Topic | Date of Publication | Application Number | Status,2026-03-02T16:53:07.662883Z
77,Book Chapters - 2021,Managment,,8,9,S.No. | Name of the teacher | Department | Title of the book/chapters published | Title of the chapter | Title of the proceedings of the conference | Year of publication | ISBN/ISSN number of the proceeding | Name of the publisher,2026-03-02T16:55:01.053193Z
78,Book Chapters - 2022,Managment,,32,9,S.No. | Name of the teacher | Department | Title of the book/chapters published | Title of the book/chapters published.1 | Title of the proceedings of the conference | Year of publication | ISBN/ISSN number of the proceeding | Name of the publisher,2026-03-02T16:55:57.478605Z
79,Book Chapters - 2023,Managment,,6,9,S.No. | Name of the teacher | Department | Title of the book/chapters published | Title of the book/chapters published.1 | Title of the proceedings of the conference | Year of publication | ISBN/ISSN number of the proceeding | Name of the publisher,2026-03-02T16:56:39.819174Z
8,conferences,,,30,6,S. No. | Faculty | Name of The Conference | National/ International | Date | Year,2026-01-10T07:12:38.739480Z
80,Book Chapters - 2024,Managment,,48,9,S.No. | Name of the teacher | Department | Title of the book/chapters published | Title of the book/chapters published.1 | Title of the proceedings of the conference | Year of publication | ISBN/ISSN number of the proceeding | Name of the publisher,2026-03-02T16:57:44.169155Z
81,Book Chapters - 2025,Managment,,8,9,S.No. | Name of the teacher | Department | Title of the book/chapters published | Title of the book/chapters published.1 | Title of the proceedings of the conference | Year of publication | ISBN/ISSN number of the proceeding | Name of the publisher,2026-03-02T16:58:20.681494Z
82,research-papers - 2022,Managment,,64,9,"S.No. | Title of paper | Name of the author/s | Journal Name | Year of publication | ISSN number | Link to the recognition in UGC enlistment of the Journal | ""Is it listed in UGC Care list/Scopus/Web of Science /other, mention "" | Indexed",2026-03-02T16:59:56.972496Z
83,research-papers - 2023,Managment,,36,9,"S.No. | Title of paper | Name of the author/s | Journal Name | Year of publication | ISSN number | Link to the recognition in UGC enlistment of the Journal | ""Is it listed in UGC Care list/Scopus/Web of Science /other, mention "" | Indexed",2026-03-02T17:01:27.706871Z
84,research-papers - 2024,Managment,,53,9,"S.No. | Title of paper | Name of the author/s | Journal Name | Year of publication | ISSN number | Link to the recognition in UGC enlistment of the Journal | ""Is it listed in UGC Care list/Scopus/Web of Science /other, mention"" | Indexed",2026-03-02T17:01:56.871880Z
85,research-papers - 2025,Managment,,48,9,"S.No. | Title of paper | Name of the author/s | Journal Name | Year of publication | ISSN number | Link to the recognition in UGC enlistment of the Journal | ""Is it listed in UGC Care list/Scopus/Web of Science /other, mention "" | Indexed",2026-03-02T17:02:24.464950Z
86,Patent list 2022,Research,,3,6,Sr. No | Name | Topic | Date of Publication | Application Number | Status,2026-03-11T14:13:49.534450Z
87,Testimonial,Managment,,13,4,S.No | Faculty Member as consultant | Company | Type,2026-03-09T12:03:27.199925Z
9,Patents 2025,,,13,7,S. No. | Name | Department | Topic | Date of Publication | Application Number | Status,2026-01-10T07:14:24.598172Z
93,Patents List - 2025,Patents,,1,6,Sr. No | Name | Topic | Date of Publication | Application Number | Status,2026-04-08T07:37:16.425186Z
94,Patents List - 2024,Patents,,14,6,Sr. No | Name | Topic | Date of Publication | Application Number | Status,2026-04-08T07:38:12.823722Z
95,Patents list - 2023,Patents,,3,6,Sr. No | Name | Topic | Date of Publication | Application Number | Status,2026-04-08T07:38:48.822621Z
96,patents list - 2022,Patents,,3,7,Sr. No | Name | Topic | Date of Publication | Application Number | link | Status,2026-04-08T07:39:56.119936Z
97,patents list - 2021,Patents,,5,6,Sr. No | Name | Topic | Date of Publication | Application Number | Status,2026-04-08T07:41:21.918011Z
99,New Updated Patents 2025,Patents,,20,8,Sr. No | Name | Department | Topic | Date of Publication | Application Number | Status | Document,2026-05-29T05:05:20.354728Z
