source_table,Year of Signing the MoU,Name of the Organisation with whom the MoU/Collaboration is Being Signed,Duration,Purpose of MoU/Collaboration,List the Actual Activities under each MoU Year-wise,Year of the Activity Conducted,col7,col8
Active MoU,1,20.09.2022,20.09.2027,GOVT. J. YOGANANDAM CHHATTISGARH COLLEGE,RAIPUR - CHHATTISGARH,INDIA,INSTITUTION,Faculty of Arts & Humanities
Active MoU,2,26.04.2023,26.04.2028,GOVT. M.V.P.G. COLLEGE,MAHASAMUND - CHHATTISGARH,INDIA,INSTITUTION,Faculty of Arts & Humanities
Active MoU,3,29.04.2023,29.04.2028,GOVT DUDHADHARI BAJRANG GIRLS POST GRADUATE AUTONOMOUS COLLEGE,RAIPUR - CHHATTISGARH,INDIA,INSTITUTION,Faculty of Arts & Humanities
Active MoU,4,09.10.2023,09.10.2025,VY HOSPITAL,RAIPUR - CHHATTISGARH,INDIA,STAFF WELFARE,Faculty of Arts & Humanities
Active MoU,5,16.10.2023,16.10.2025,BALCO MEDICAL CENTRE (A UNIT OF VEDANTA MEDICAL RESEARCH CENTRE),RAIPUR - CHHATTISGARH,INDIA,STAFF WELFARE,Faculty of Arts & Humanities
Active MoU,6,07.02.2025,07.02.2030,GOVT. SHAHID VEER NARAYAN SINGH COLLEGE,SARABGARH - BILAIGARH - CHHATTISGARH,INDIA,INSTITUTION,Faculty of Arts & Humanities
Active MoU,7,03.03.2025,03.03.2030,ASSOCIATION OF MULTI SKILLED PROFESSIONALS,BHILAI - CHHATTISGARH,INDIA,ACADEMIC,Faculty of Arts & Humanities
Active MoU,8,15.08.2024,15.08.2029,HIDAYATULLAH NATIONAL LAW UNIVERSITY (HNLU),RAIPUR - CHHATTISGARH,INDIA,INSTITUTION,Faculty of Arts & Humanities
Active MoU,9,05.09.2024,05.09.2029,GOVT. RAJMOHINI DEVI GIRLS' P.G. COLLEGE,"AMBIKAPUR, CHHATTISGARH",INDIA,INSTITUTION,Faculty of Arts & Humanities
Active MoU,10,25.10.2024,08.11.2029,GOVT. D.S.V. POST GRADUATE SANSKRIT COLLEGE,RAIPUR - CHHATTISGARH,INDIA,INSTITUTION,Faculty of Arts & Humanities
Active MoU,11,22.11.2024,22.11.2029,CIT BED COLLEGE,RAIPUR - CHHATTISGARH,INDIA,INSTITUTION,Faculty of Arts & Humanities
Active MoU,12,25.11.2024,25.11.2029,GOVT. GHANSHYAM SINGH GUPT P.GOLLEGE,BALOD - CHHATTISGARH,INDIA,INSTITUTION,Faculty of Arts & Humanities
Active MoU,13,08.09.2022,08.09.2027,WESTFORD EDUCATION GROUP,LONDON - UK,UNITED KINGDOM,INSTITUTION,Faculty of Commerce & Management
Active MoU,14,17.10.2022,17.10.2027,INFOSYS LIMITED,GURUGRAM - HARYANA,INDIA,CORPORATE,Faculty of Commerce & Management
Active MoU,15,09.11.2022,09.11.2027,BAJAJ FINSERV,"PUNE, MAHARASHTRA",INDIA,CORPORATE,Faculty of Commerce & Management
Active MoU,16,06.04.2023,06.04.2028,RESEARCH FOUNDATION OF INDIA.,JABALPUR - MADHYAPRADESH,INDIA,INSTITUTION,Faculty of Commerce & Management
Active MoU,17,13.04.2023,03.04.2028,SHRI SHANKARACHARYA INSTITUTE OF PROFESSIONAL MANAGEMENT & TECHNOLOGY,RAIPUR - CHHATTISGARH,INDIA,INSTITUTION,Faculty of Commerce & Management
Active MoU,18,20.09.2025,23.09.2028,ALGOFORGE STUDIOS (AFS),INDIA,INDIA,ACADEMIC,Faculty of Commerce & Management
Active MoU,19,24.07.2024,24.07.2029,BHAKT MATA KARMA COLLEGE SAMODA,RAIPUR - CHHATTISGARH,INDIA,INSTITUTION,Faculty of Commerce & Management
Active MoU,20,21.08.2024,21.08.2029,SUNIL PATODIA WELFARE FOUNDATION,MUMBAI - MAHARASHTRA,INDIA,ACADEMIC,Faculty of Commerce & Management
Active MoU,21,15.11.2024,15.11.2029,CAREER POINT UNIVERSITY,KOTA RAJASTHAN,INDIA,INSTITUTION,Faculty of Commerce & Management
Active MoU,22,25.11.2024,25.11.2029,JAIPURIA INSTITUTE OF MANAGEMENT,INDORE - MADHYA PRADESH,INDIA,INSTITUTION,Faculty of Commerce & Management
Active MoU,23,17.01.2023,17.01.2026,"VIPRA KALA, VANIJYRA AVAM SHARIRIK SHIKSHA MAHAVIDYALAYA",RAIPUR - CHHATTISGARH,INDIA,INSTITUTION,Faculty of Education
Active MoU,24,16.02.2023,16.02.2028,AAKANKSHA LIONS INSTITUTE OF LEARNING & EMPOWERMENT,RAIPUR - CHHATTISGARH,INDIA,INSTITUTION,Faculty of Education
Active MoU,25,27.08.2023,27.08.2028,RAM LAL ANAND COLLEGE,DELHI - INDIA,INDIA,INSTITUTION,Faculty of Education
Active MoU,26,08.09.2023,08.09.2028,HEREINAFTER COLLECTIVELY,SHYAM NAGAR - RAIPUR,INDIA,ACADEMIC,Faculty of Education
Active MoU,27,04.11.2023,04.11.2028,DR. A.P.J. ABDUL KALAM UNIVERSITY,INDORE - MADHYA PRADESH,INDIA,INSTITUTION,Faculty of Education
Active MoU,28,27.11.2023,27.11.2028,"LOKMANYA GRAMIN VIKAS SANSATHA, LOHA LOKMANYA MAHAVIDYALAYA (ARTS COMMERCE SCIENCE)",NANDED - MAHARASHTRA,INDIA,INSTITUTION,Faculty of Education
Active MoU,29,20.02.2024,20.02.2029,GOVERNMENT COLLEGE OF EDUCATION,RAIPUR - CHHATTISGARH,INDIA,INSTITUTION,Faculty of Education
Active MoU,30,02.11.2023,02.11.2028,"UNIVERSITY COLLEGE OF PHYSICAL EDUCATION, OSMANIA UNIVERSITY",HYDERABAD-TELANGANA,INDIA,INSTITUTION,Faculty of Education
Active MoU,31,23.07.2024,23.04.2029,ICFAI UNIVERSITY,SIKKIM,INDIA,INSTITUTION,Faculty of Education
Active MoU,32,25.01.2025,25.01.2030,NIILM UNIVERSITY,KAITHAL - HARYANA,INDIA,INSTITUTION,Faculty of Education
Active MoU,33,06.02.2025,06.02.2030,THIRUVALLUVAR COLLEGE OF ENGINEERING AND TECHNOLOGY,VANDAVASI - TAMILNADU,INDIA,INSTITUTION,Faculty of Education
Active MoU,34,06.02.2025,06.02.2030,THIRUVALLUVAR ARTS AND SCIENCE COLLEGE,VANDAVASI - TAMILNADU,INDIA,INSTITUTION,Faculty of Education
Active MoU,35,01.04.2025,04.04.2030,ST. THOMAS COLLEGE,BHILAI - CHHATTISGARH,INDIA,INSTITUTION,Faculty of Education
Active MoU,36,29.05.2025,29.05.2030,COUNCIL OF TEACHERS PROFESSIONAL DEVELOPMENT CTPD,DELHI-NCR - DELHI,INDIA,ACADEMIC,Faculty of Education
Active MoU,37,31.07.2025,27.08.2030,ASMA INSTITUTE OF MANAGEMEN,PUNE - MAHARASHTRA,INDIA,INSTITUTION,Faculty of Education
Active MoU,38,08.08.2025,08.08.2030,DEV SANSKRITI COLLEGE OF EDUCATION & TECHNOLOGY,"KHAPRI, DURG - CHHATTISGARH",INDIA,INSTITUTION,Faculty of Education
Active MoU,39,13.12.2024,13.11.2029,COLUMBIA COLLEGE,RAIPUR - CHHATTISGARH,INDIA,INSTITUTION,Faculty of Education
Active MoU,40,17.12.2024,17.11.2029,INSTITUTE OF ADVANCED STUDIES IN EDUCATION,BILASPUR - CHHATTISGARH,INDIA,INSTITUTION,Faculty of Education
Active MoU,41,08.01.2025,08.01.2030,"ARM COLLEGE OF ENGINEERING AND TECHNOLOGY, SATTAMANGALAM","CHENNAI - 
TAMILNADU",INDIA,INSTITUTION,Faculty of Education
Active MoU,42,10.01.2025,18.01.2030,LATE RAJA VIRENDRA BAHADUR SINGH GOVT. COLLEGE SARAIPALI,MAHASAMUND - CHHATTISGARH,INDIA,INSTITUTION,Faculty of Education
Active MoU,43,25.08.2023,,ELECTRONIC SECTOR SKILLS COUNCIL OF INDIA (ESSCI),DELHI - INDIA,INDIA,ACADEMIC,Faculty of Information Technology
Active MoU,44,03.03.2024,03.03.2029,SANJAY MEMORIAL INSTITUTE OF ACADEMIC COORPERATION,"BERHAMPUR 
ODISHA",INDIA,INSTITUTION,Faculty of Information Technology
Active MoU,45,28.08.2025,08.08.2030,D.P. VIPRA COLLEGE BILASPUR,BILASPUR - CHHATTISGARH,INDIA,INSTITUTION,Faculty of Information Technology
Active MoU,46,12.12.2024,11.12.2027,NASSCOM /IT-ITES SECTOR SKILLS COUNCIL,NOIDA - UTTARPRADESHH,INDIA,ACADEMIC,Faculty of Information Technology
Active MoU,47,02.02.2022,,LSAC GLOBAL - LSAT - INDA SERVICES AGREEMENT,NEW DELHI,INDIA,ACADEMIC,Faculty of Law
Active MoU,48,28.02.2023,28.02.2028,THE INSTITUTE OF COMPANY SECRETARIES OF INDIA (ICSI),RAIPUR - CHHATTISGARH,INDIA,INSTITUTION,Faculty of Law
Active MoU,49,18.07.2024,18.07.2029,INDIAN NATIONAL BAR ASSOCIATION,NEW DELHI,INDIA,ACADEMIC,Faculty of Law
Active MoU,50,05.08.2024,05.08.2029,SOCIETY OF INDIAN LAW FIRMS (SILF),NEW DELHI,INDIA,ACADEMIC,Faculty of Law
Active MoU,51,17.02.2023,17.02.2029,NH MMI NARAYANA MULTISPECIALTY HOSPITAL,RAIPUR - CHHATTISGARH,INDIA,ACADEMIC,Faculty of Pharmacy
Active MoU,52,16.08.2023,16.08.2028,"DANTESWARI COLLEGE OF PHARMACY, JAGDALPUR (BASTAR)",JAGDALPUR (BASTAR)- CHHATTISGARH,INDIA,INSTITUTION,Faculty of Pharmacy
Active MoU,53,15.03.2024,15.03.2029,CMPV CONSULTANCY LLP (CMPV),KORAPUT - ODISHA,INDIA,CORPORATE,Faculty of Pharmacy
Active MoU,54,14.02.2025,14.02.2026,PHARMACY COLLEGE AZAMGRH,AZAMGARH - UTTARPRADESH,INDIA,INSTITUTION,Faculty of Pharmacy
Active MoU,55,13.02.2025,05.03.2030,SRI SRI NRUSINGHNATH AYURVED COLLEGE AND RESEARCH INSTITUTE,NRUSINGHNATH - ODISHA,INDIA,INSTITUTION,Faculty of Pharmacy
Active MoU,56,13.02.2025,13.02.2030,"RITEE COLLEGE OF PHARMACY, RAIPUR (CHHATTISGARH)",RAIPUR - CHHATTISGARH,INDIA,INSTITUTION,Faculty of Pharmacy
Active MoU,57,25.06.2024,28.06.2029,SARDAR BHAGWAN SINGH UNIVERSITY,"Dehradun,
Uttarakhand - 248161",INDIA,INSTITUTION,Faculty of Pharmacy
Active MoU,58,28.02.2019,,RAJIV GANDHI GOVERNMENT ARTS & COMMERCE COLLEGE,"LORMI, CHHATTISGARH",INDIA,INSTITUTION,Faculty of Science
Active MoU,59,22.02.2023,22.02.2026,GOVT. MATA KARMA GIRLS COLLEGE,MAHASAMUND CHHATTISGARH,INDIA,INSTITUTION,Faculty of Science
Active MoU,60,03.04.2023,03.04.2028,SETH PHOOLCHAND AGRAWAL SMRITI MAHAVIDYALAYA,RAJIM - CHHATTISGARH,INDIA,INSTITUTION,Faculty of Science
Active MoU,61,21.04.2023,21.04.2028,"GOVERNMENT B.P. LODHI PG COLLEGE, ARANG CHHATTISGARH",ARANG - CHHATTISGARH,INDIA,INSTITUTION,Faculty of Science
Active MoU,62,26.04.2023,26.04.2028,SHERLOCK INSTITUTE OF FORENSIC SCIENCE,DELHI - INDIA,INDIA,INSTITUTION,Faculty of Science
Active MoU,63,26.04.2023,26.04.2028,DR. C.V. RAMAN UNIVERSITY,BILASPUR - CHHATTISGARH,INDIA,INSTITUTION,Faculty of Science
Active MoU,64,27.04.2023,27.04.2028,TIRUPATI TRADEWING PVT LTD,RAIPUR - CHHATTISGARH,INDIA,CORPORATE,Faculty of Science
Active MoU,65,09.05.2023,05.05.2028,GURU GHASIDAS VISHWAVIDYALAYA,BILASPUR - CHHATTISGARH,INDIA,INSTITUTION,Faculty of Science
Active MoU,66,19.01.2024,19.01.2029,MAHATMA GANDHI UDYANIKEE & VANIKEE VISHWAVIDYALAYA,"SANKRA-PATAN, DURG, CHHATTISGARH",INDIA,INSTITUTION,Faculty of Science
Active MoU,67,04.03.2025,04.03.2028,SHRI GANESH VINAYAK EYE HOSPITAL,RAIPUR - CHHATTISGARH,INDIA,STAFF WELFARE,Faculty of Science
Active MoU,68,25.04.2025,25.04.2030,WILSON COLLEGE,MUMBAI - MAHARASHTRA,INDIA,INSTITUTION,Faculty of Science
Active MoU,69,23.07.2025,22.07.2030,"CENTRAL GROUND WATER BOARD (CGWB), NORTH CENTRAL CHHATTISGARH REGION",RAIPUR - CHHATTISGARH,INDIA,ACADEMIC,Faculty of Science
Active MoU,70,05.08.2025,04.08.2030,"ARKA JAIN UNIVERSITY, MOHANPUR, JHARKHAND",MOHANPUR - JHARKHAND,INDIA,INSTITUTION,Faculty of Science
Active MoU,71,02.07.2024,02.07.2029,PUNE INSTITUTE OF BUSINESS MANAGEMENT,PUNE - MAHARASHTRA,INDIA,INSTITUTION,Faculty of Science
Active MoU,72,12.06.2024,02.07.2029,CITY EYE CARE HOSPITAL,RAIPUR - CHHATTISGARH,INDIA,STAFF WELFARE,Faculty of Science
Active MoU,73,12.07.2024,12.07.2029,FORENSIBUS,KOLKATA - WESTBENGAL,INDIA,ACADEMIC,Faculty of Science
Active MoU,74,12.07.2024,12.07.2029,CODE F SOLUTIONS PVT. LTD.,EAST NAGPUR - MAHARASHTRA,INDIA,ACADEMIC,Faculty of Science
Active MoU,75,22.11.2022,22.11.2025,JAIN (DEEMED-TO-BE) UNIVERSITY,BENGALURU - KARNATAKA,INDIA,INSTITUTION,Faculty of Technology
Active MoU,76,21.12.2022,21.12.2027,GURU NANAK FIRST GRADE COLLEGE BIDAR,HYDERABAD-TELANGANA,INDIA,INSTITUTION,Faculty of Technology
Active MoU,77,22.12.2022,22.12.2027,WIELABS TECH PRODUCTS AND SERVICES PVT. LTD.,HYDERABAD-TELANGANA,INDIA,INSTITUTION,Faculty of Technology
Active MoU,78,22.12.2022,22.12.2027,GURU NANAK DEV ENGINEERING COLLEGE,BIDAR - KARNATAKA,INDIA,INSTITUTION,Faculty of Technology
Active MoU,79,23.12.2022,23.12.2027,LOOP REALITY PVT. LTD.,BIDAR - KARNATAKA,INDIA,CORPORATE,Faculty of Technology
Active MoU,80,23.12.2022,23.12.2027,POLYGON GEOSPANTIAL PRIVATE LIMITED,HYDERABAD-TELANGANA,INDIA,INSTITUTION,Faculty of Technology
Active MoU,81,28.03.2023,28.03.2028,SHRI SAI COLLEGE OF ENGINEERING & TECHNOLOGY,RAIPUR - CHHATTISGARH,INDIA,INSTITUTION,Faculty of Technology
Active MoU,82,30.11.2023,30.11.2028,AMOEGH FINANCIAL SERVICES PVT. LTD.,RAIPUR - CHHATTISGARH,INDIA,CORPORATE,Faculty of Technology
Active MoU,83,29.11.2023,29.11.2028,J D COLLEGE OF ENGINEERING & MANAGEMENT,"NAGPUR, MAHARASHTRA",INDIA,INSTITUTION,Faculty of Technology
Active MoU,84,11.01.2024,11.01.2029,"AMOU : FACULTY OF BUSINESS AND ECONOMICS MENDEL UNIVERSITY IN BRNO, CZECHIA","BRNO, CZECHIA",MORAVIA,INSTITUTION,Faculty of Technology
Active MoU,85,11.01.2024,11.01.2029,"MOU : FACULTY OF BUSINESS AND ECONOMICS MENDEL UNIVERSITY IN BRNO, CZECHIA","BRNO, CZECHIA",MORAVIA,INSTITUTION,Faculty of Technology
Active MoU,86,16.01.2024,16.01.2029,"AIPH UNIVERSITY KHORDHA, BHUBANESWAR, ODISHA - 752050","SANKRA-PATAN, DURG, CHHATTISGARH",INDIA,INSTITUTION,Faculty of Technology
Active MoU,87,02.02.2024,02.02.2027,SUBROS LIMITED MANESAR,MANESAR - HARYANA,INDIA,CORPORATE,Faculty of Technology
Active MoU,88,28.03.2024,28.03.2029,SAGE UNIVERSITY INDORE CAMPUS,INDORE - MADHYA PRADESH,INDIA,INSTITUTION,Faculty of Technology
Active MoU,89,25.04.2024,25.04.2029,VISHVESHWARYA GROUP OF INSTITUTIONS,G.B. NAGAR - UTTARPRADESH,INDIA,INSTITUTION,Faculty of Technology
Active MoU,90,10.02.2025,10.02.2026,BHILAI CAN DO PARWAT FOUNDATION,BHILAI - CHHATTISGARH,INDIA,CORPORATE,Faculty of Technology
Active MoU,91,16.04.2025,16.04.2030,CEED - (CENTRE FOR ENVIRONMENT AND ENERGY DEVELOPMENT),RAIPUR - CHHATTISGARH,INDIA,CORPORATE,Faculty of Technology
Active MoU,92,23.04.2025,24.04.2030,CAD INSTITUTE,RAIPUR - CHHATTISGARH,INDIA,INSTITUTION,Faculty of Technology
Active MoU,93,05.09.2025,06.09.2030,SHRI DAVARA UNIVERSITY,NAYA RAIPUR - CHHATTISGARH,INDIA,INSTITUTION,Faculty of Technology
Active MoU,94,18.09.2025,31.12.2030,DADB INDIA PRIVATE LIMITED,MUMBAI - MAHARASHTRA,INDIA,CORPORATE,Faculty of Technology
Active MoU,95,21.06.2024,21.06.2029,MAHARSHI SCHOOL OF SCIENCE & HUMANITIES,NOIDA - UTTARPRADESHH,INDIA,INSTITUTION,Faculty of Technology
Active MoU,96,02.08.2024,02.08.2029,KIPM-COLLEGE OF ENGINEERING & TECHNOLOGY.,"GORAKHPUR, 
UTTAR PRADESH",INDIA,INSTITUTION,Faculty of Technology
Active MoU,97,23.09.2024,12.11.2027,NEW DELHI INSTITUTE OF MANAGEMENT,VAYUSENABAD - NEW DELHI,INDIA,INSTITUTION,Faculty of Technology
Active MoU,98,18.07.2018,,AUM IMEXCO (INDIA) PVT. LTD.,NEW DELHI,INDIA,CORPORATE,Other
Active MoU,99,08.03.2019,,RAJAMAHENDRI INSTITUTE OF ENGINEERING & TECHNOLOGY,RAJAHMUNDRY,INDIA,INSTITUTION,Other
Active MoU,100,02.04.2019,,PROPOSAL OF ALGOL UNIVERSAL TRUST,DELHI,INDIA,OTHERS,Other
Active MoU,101,04.04.2019,,PROPOSAL OF BHAGWAN SHRI BALASAI EDUCATIONAL & CHARITABLE SOCIETY,RAIPUR,INDIA,OTHERS,Other
Active MoU,102,08.04.2019,,ALGOL - BALASAI,RAIPUR,INDIA,OTHERS,Other
Active MoU,103,18.06.2019,,GOVT. NAGARJUNA POST GRADUATE COLLEGE OF SCIENCE,RAIPUR,INDIA,INSTITUTION,Other
Active MoU,104,17.08.2019,17.08.2029,ENERGY EFFICIENCY SERVICES LTD. (EESL),NEW DELHI - DELHI,INDIA,CORPORATE,Other
Active MoU,105,22.08.2019,,MGM'S COLLEGE OF ENGINEERING,"NANDED, MAHARASHTRA",INDIA,INSTITUTION,Other
Active MoU,106,24.10.2019,,INFLIBNET CENTRE - SHODHGANGA/ SHODHGANGOTRI,GANDHINAGAR - GUJRAT,INDIA,ACADEMIC,Other
Active MoU,107,16.11.2019,16.11.2029,ELITEUNIVERSAL SPORTS ALLIANCE INDIA PRIVATE LIMITED,PUNE - MAHARASHTRA,INDIA,ACADEMIC,Other
Active MoU,108,"10.07.2023 
17.03.2020",,IMAGINXP - GIGGLE GALAXY PRIVATE LIMITED,PUNE - MAHARASHTRA,INDIA,ACADEMIC,Other
Active MoU,109,24.12.2020,,CIDC - CONSTRUCTION INDUSTRY DEVELOPMENT COUNCIL,NEW DELHI - DELHI,INDIA,ACADEMIC,Other
Active MoU,110,25.05.2021,25.05.2026,SANDIP UNIVERSITY,NASHIK - MAHARASHTRA,INDIA,INSTITUTION,Other
Active MoU,111,16.02.2022,16.02.2027,GOVERNMENT V.Y.T. PG COLLEGE,"DURG, CHHATTISGARH",INDIA,INSTITUTION,Other
Active MoU,112,02.03.2022,02.03.2027,GOVT. DIGVIJAY PG AUTONOMOUS COLLEGE,RAJNANDGAON,INDIA,INSTITUTION,Other
Active MoU,113,17.03.2022,,515 ARMY BASE WORKSHOP,BANGALURU,INDIA,ACADEMIC,Other
Active MoU,114,12.04.2022,,COLLEGE DUNIA WEB PVT. LTD.,"GURUGRAM, HARYANA",INDIA,ACADEMIC,Other
Active MoU,115,19.04.2022,,EKEEDA PRIVATE LIMITED,MUMBAI - MAHARASHTRA,INDIA,CORPORATE,Other
Active MoU,116,25.06.2022,25.06.2027,TECHNOVIZ AUTOMATION INDUSTRIAL AUTOMATION AND DIGITALIZATION TRAINING,RAIPUR - CHHATTISGARH,INDIA,ACADEMIC,Other
Active MoU,117,27.06.2022,27.06.2027,ENTREPRENEURSHIP DEVELOPMENT INSTITUTE OF INDIA,GANDHINAGAR - GUJRAT,INDIA,INSTITUTION,Other
Active MoU,118,14.07.2022,17.07.2027,KAUSHAL BHARAT VIKAS KENDRA (KBVK),"GURUGRAM, HARYANA",INDIA,ACADEMIC,Other
Active MoU,119,13.08.2022,13.08.2028,AL-SHAMAL PRIVATE UNIVERSITY,SARMADA,SYRIA,INSTITUTION,Other
Active MoU,120,16.08.2022,16.08.2026,IBM -DATAGAMI TECHNOLOGY SERVICES PRIVATE LIMITED,MUMBAI - MAHARASHTRA,INDIA,ACADEMIC,Other
Active MoU,121,22.08.2022,22.08.2026,INDIAN COLLEGE OF EDUCATION MAHASAMUND C.G.,MAHASAMUND - CHHATTISGARH,INDIA,INSTITUTION,Other
Active MoU,122,26.08.2022,26.08.2026,CII - YI - CONFEDERATION OF INDIAN INDUSTRY - YOUNG INDIANS,NEW DELHI,INDIA,ACADEMIC,Other
Active MoU,123,24.09.2022,24.09.2027,SAMADHAN COLLEGE,BEMETARA - CHHATTISGARH,INDIA,INSTITUTION,Other
Active MoU,124,20.10.2022,20.10.2025,GOVERNMENT E.V.P.G. COLLEGE,KORBA - CHHATTISGARH,INDIA,INSTITUTION,Other
Active MoU,125,11.11.2022,,CHOICE RETAIL SOLUTIONS PRIVATE LIMITED,RAIPUR - CHHATTISGARH,INDIA,CORPORATE,Other
Active MoU,126,16.11.2022,,EDINBOX COMMUNICATION PVT. LTD,GURUGRAM - HARYANA,INDIA,CORPORATE,Other
Active MoU,127,11.01.2023,11.01.2026,SHRI MEDISHINE HOSPITAL,RAIPUR - CHHATTISGARH,INDIA,STAFF WELFARE,Other
Active MoU,128,17.01.2023,17.01.2028,COLLAGEDEKHO.COM (GIRNARSOFT EDUCATION PRIVATE LTD.) - LOI,GURUGRAM - HARYANA,INDIA,ACADEMIC,Other
Active MoU,129,21.02.2023,21.02.2035,iNURTURE EDUCATION SOLUTIONS PVT. LTD.,BENGALURU - KARNATAKA,INDIA,ACADEMIC,Other
Active MoU,130,22.02.2023,22.02.2028,MIBIZ CYBER FORENSICS LABORATORY,THIRUVANANTHAPURAM - KERLA,INDIA,ACADEMIC,Other
Active MoU,131,10.03.2023,10.03.2028,VETERANS INDIA,"DELHI - 
INDIA",INDIA,ACADEMIC,Other
Active MoU,132,25.04.2023,25.04.2026,"HIGHER EDUCATION, ACCREDITATION & RESEARCH PROMOTION (HEARP)",NEW DELHI,INDIA,OTHERS,Other
Active MoU,133,31.07.2023,31.07.2026,"POLICE TRAINING SCHOOL, MANA",RAIPUR - CHHATTISGARH,INDIA,INSTITUTION,Other
Active MoU,134,22.08.2023,22.08.2028,GBARPOLU COUNTY EDUCATION SCHOOL SYSTEM,GBARPOLU - LIBERIA,LIBERIA,INSTITUTION,Other
Active MoU,135,26.08.2023,26.08.2028,BDS EDUCATION (BHARAT DRONE SYSTEMS),RAIPUR - CHHATTISGARH,INDIA,ACADEMIC,Other
Active MoU,136,06.10.2023,06.10.2025,SAPTGIRI HOSPITAL,MANDIRHASAUD - RAIPUR,INDIA,STAFF WELFARE,Other
Active MoU,137,01.11.2023,31.10.2025,NH MMI NARAYANA MULTISPECIALTY HOSPITAL,RAIPUR - CHHATTISGARH,INDIA,STAFF WELFARE,Other
Active MoU,138,07.12.2023,07.12.2028,GODAWARI ELECTRIC MOTORS PVT. LTD.,RAIPUR - CHHATTISGARH,INDIA,CORPORATE,Other
Active MoU,139,03.08.2023,03.08.2028,DISHA COLLEGE RAM NAGAR KOTA MARGE,RAIPUR - CHHATTISGARH,INDIA,INSTITUTION,Other
Active MoU,140,10.08.2023,03.08.2028,ED-TECH (VIROHAN : TERMS OF SERVICES),FARIDABAD - HARYANA,INDIA,ACADEMIC,Other
Active MoU,141,08.01.2024,03.08.2028,AMBALIKA INSTITUTE OF MANAGEMENT AND TECHNOLOGY,LAKNOW - UTTAR - PRADESH,INDIA,INSTITUTION,Other
Active MoU,142,22.02.2024,22.02.2027,MOR FINANCIAL MANAGEMENT INDIA PRIVATE LIMITED,BAGWADA PERNEM - GOA,INDIA,CORPORATE,Other
Active MoU,143,28.11.2023,28.03.2029,PARSHI TRAINING AND TECHNICAL SERVICES PVT LTD - CADDESK,JAIPUR - RAJASTHAN,INDIA,CORPORATE,Other
Active MoU,144,07.02.2025,07.02.2030,KOPALVANI CHILD WALFARE ORGANIZATION,RAIPUR - CHHATTISGARH,INDIA,INSTITUTION,Other
Active MoU,145,03.03.2025,03.03.2030,JUSTAUTO SOLUTIONS PRIVATE LIMITED,GANDHINAGAR - GUJRAT,INDIA,ACADEMIC,Other
Active MoU,146,22.03.2025,After Utilization 400000,WANFENG ALUMINUM WHEEL (INDIA) PVT. LTD,BAWAL - HARYANA,INDIA,CORPORATE,Other
Active MoU,147,28.03.2025,15.04.2030,GURU GHASIDAS VISHWAVIDYALAYA,BILASPUR - CHHATTISGARH,INDIA,INSTITUTION,Other
Active MoU,148,02.06.2025,02.06.2029,M/S BALMER LAWIRE & CO. LTD.,KOLKATA - WEST BENGAL,INDIA,AGREEMENT,Other
Active MoU,149,22.08.2025,12.01.2026,GOLF FEDERATION OF INDIA (GFI),GURUGRAM - HARYANA,INDIA,DSW - ACADEMIC,Other
Active MoU,150,23.08.2025,23.08.2028,M/S BLACKBOARD ELEARNING PVT. LTD.,NOIDA - UTTAR PRADESH,INDIA,AGREEMENT - ACADEMIC,Other
Active MoU,151,08.09.2025,08.09.2030,ARPAN DIVYANG PUBLIC SCHOOL - RUN BY ARPAN KALYAN SAMITI,RAIPUR - CHHATTISGARH,INDIA,INSTITUTION,Other
Active MoU,152,28.05.2024,27.05.2026,URMILA MEMORIAL HOSPITAL (A UNIT OF ADITYARAJ MEDICAL CARE PVT. LTD.),RAIPUR - CHHATTISGARH,INDIA,STAFF WELFARE,Other
Active MoU,153,25.11.2023,25.11.2028,D.P. VIPRA COLLEGE OF EDUCATION,BILASPUR - CHHATTISGARH,INDIA,INSTITUTION,Other
Active MoU,154,09.08.2024,09.08.2026,MARWARI CATALYSTS PRIVATE LIMITED,JODHPUR - RAJASTHAN,INDIA,CORPORATE,Other
Active MoU,155,05.09.2024,05.09.2029,GALMAX TECHNOLOGIES PVT. LTD.,BHILAI - CHHATTISGARH,INDIA,ACADEMIC,Other
Active MoU,156,14.10.2024,,JUSTAUTO SOLUTIONS PRIVATE LIMITED,GANDHINAGAR - GUJRAT,INDIA,CORPORATE - B.VOC,Other
Active MoU,157,20.11.2024,20.11.2029,RAMKRISHNA CARE HOSPITAL RAIPUR,RAIPUR - CHHATTISGARH,INDIA,STAFF WELFARE,Other
Active MoU,158,08.08.2024,,GIRNARSOFT EDUCATION SERVICES PRIVATE LIMITED,JAIPUR - RAJASTHAN,INDIA,INSTITUTION,Other
Active MoU,159,30.12.2024,30.12.2029,SYSTEM TWO SOLUTIONS PVT. LTD. (HEALTHPOTLI),RAIPUR - CHHATTISGARH,INDIA,ACADEMIC,Other
Active MoU,160,17.06.2024,17.06.2026,PRACYVA CONSULTING SERVICE PVT. LTD.,LONDON - UK,UK,ACADEMIC,Other
Collaborations,1,09.05.2023,Industrial,"Tirupati Tradewing Pvt Ltd., Raipur",Industrial,India,,
Collaborations,2,05.05.2023,Institution,"Dr. C.V. Raman University, Bilaspur",Institution,India,,
Collaborations,3,29.04.2023,Institution,"Govt. M.V.P.G. College, Mahasamund",Institution,India,,
Collaborations,4,27.04.2023,Institution,"National Forensic Science University, Gandhinagar",Institution,India,,
Collaborations,5,26.04.2023,Institution,"Sherlock Institute Of Forensic Science, Delhi",Institution,India,,
Collaborations,6,26.04.2023,,"Higher Education, Accreditation & Research Promotion (HEARP) - Dr. Anant Ram Advisor",,India,,
Collaborations,7,26.04.2023,Institution,"Government B.P. Lodhi Pg College, Arang Chhattisgarh",Institution,India,,
Collaborations,8,26.04.2023,Academic,Aikyam - International Collaboration Online Learning (ICOL),Academic,India,,
Collaborations,9,25.04.2023,,Shri Shankaracharya Institute Of Professional Management & Technology,,India,,
Collaborations,10,21.04.2023,Corporate,Cyber Secured India,Corporate,India,,
Collaborations,11,18.04.2023,Academic,Research Foundation Of India,Academic,India,,
Collaborations,12,13.04.2023,Academic,Seth Phoolchand Agrawal Smriti Mahavidyalaya,Academic,India,,
Collaborations,13,10.04.2023,Academic,Shri Sai College Of Engineering & Technology.,Academic,India,,
Collaborations,14,06.04.2023,Academic,Samarth Study Center,Academic,India,,
Collaborations,15,03.04.2023,Corporate,Creanovation Technologies Pvt. Ltd.,Corporate,India,,
Collaborations,16,28.03.2023,Institution,"CIPET: Institute Of Petrochemicals Engineering & Technology (IPT), Raipur",Institution,India,,
Collaborations,17,25.03.2023,Institution,Veterans India,Institution,India,,
Collaborations,18,21.03.2023,Institution,Edunet Foundation,Institution,India,,
Collaborations,19,14.03.2023,Institution,The Institute Of Company Secretaries Of India (ICSI),Institution,India,,
Collaborations,20,10.03.2023,Academic,Govt. Mata Karma Girls College,Academic,India,,
Collaborations,21,03.03.2023,Academic,Mibiz Cyber Forensics Laboratory,Academic,India,,
Collaborations,22,28.02.2023,Academic,Inurture Education Solutions Pvt. Ltd.,Academic,India,,
Collaborations,23,22.02.2023,Academic,Jain (Deemed-To-Be) University,Academic,India,,
Collaborations,24,22.02.2023,Academic,NH MMI Narayana Multispecialty Hospital,Academic,India,,
Collaborations,25,21.02.2023,Academic,Aakanksha Lions Institute Of Learning & Empowerment,Academic,India,,
Collaborations,26,21.02.2023,Academic,Sportal Corporate,Academic,India,,
Collaborations,27,17.02.2023,Institution,Symbiosis Open Education Society,Institution,India,,
Collaborations,28,16.02.2023,Academic,"Vipra Kala, Vanijyra Avam Sharirik Shiksha Mahavidyalaya",Academic,India,,
Collaborations,29,11.02.2023,Corporate,,Corporate,India,,
Collaborations,30,01.02.2023,Corporate,Shri Medishine Hospital New Rajendra Nagar Raipur,Corporate,India,,
Collaborations,31,17.01.2023,Corporate,Sadbhavna Hospital,Corporate,India,,
Collaborations,32,17.01.2023,Corporate,Ncdex Investor (Clients) Protection Fund Trust - 15.12.2022,Corporate,India,,
Collaborations,33,11.01.2023,Corporate,Edinbox Communication Pvt. Ltd,Corporate,India,,
Collaborations,34,07.01.2023,Corporate,Choice Retail Solutions Private Limited,Corporate,India,,
Collaborations,35,15.12.2022,Corporate,Infosys Limited - Hardcopy Send For Signature Of Second Party,Corporate,India,,
Collaborations,36,16.11.2022,Corporate,Star Health And Allied Insurance Company Ltd,Corporate,India,,
Collaborations,37,11.11.2022,Academic,Samadhan College,Institute,India,,
Collaborations,38,17.10.2022,Corporate,Siddhachalam Laboratory,Academic,India,,
Collaborations,39,14.10.2022,Academic,"Govt. J. Yoganandam Chhattisgarh College, Raipur",Institute,India,,
Collaborations,40,24.09.2022,Academic,Global Learning Pvt. Ltd. Stockbyte,Institute,India,,
Collaborations,41,24.09.2022,,Sent Hardcopy For Sing - Pending From Second Party,Institute,India,,
Collaborations,42,21.09.2022,,Government E.V.P.G. College,Institute,India,,
Collaborations,43,21.09.2022,Academic,Uday College Jamul Bhilai District Durg,Institute,India,,
Collaborations,44,20.09.2022,Academic,Westford Education Group,Academic,United kingdom,,
Collaborations,45,12.09.2022,Industry,CII - Yi - Confederation Of Indian Industry - Young Indians,Academic,India,,
Collaborations,46,08.09.2022,Corporate,IBM - Datagami Technology Services Private Limited,Academic,India,,
Collaborations,47,26.08.2022,Academic,Al-Shamal Private University,University,Syria,,
Collaborations,48,16.08.2022,Corporate,Ed-Tech (Virohan : Terms Of Services),Academic,India,,
Collaborations,49,13.08.2022,Corporate,Eduskills (Nation Building Through Skills),Academic,India,,
Collaborations,50,01.08.2022,Academic,Dev Sanskriti College Of Education & Technology,Institute,India,,
Collaborations,51,30.07.2022,,Govt. D.S.V. Sanskrit College - Raipur (Missing),Missing,India,,
Collaborations,52,14.07.2022,Academic,Technoviz Automation Industrial Automation And Digitalization Training,Institute,India,,
Collaborations,53,30.06.2022,Academic,Shiksha Snatak Mahavidyalaya - Mandhar,Institute,India,,
Collaborations,54,25.06.2022,Academic,Parwati Institute Of T.R.&M. College Of Education - Madanpur - Silfilli,Institute,India,,
Collaborations,55,16.06.2022,Corporate,NIIRA Educom,Academic,India,,
Collaborations,56,11.06.2022,Corporate,College Dunia Web Pvt. Ltd.,Academic,India,,
Collaborations,57,11.06.2022,Corporate,Ekeeda Private Limited,Academic,India,,
Collaborations,58,11.06.2022,Academic,Shri Ram College Of Education,Institute,India,,
Collaborations,59,11.06.2022,Academic,Pratibha College Of Education,Institute,India,,
Collaborations,60,11.06.2022,Academic,Kalyan PG College,Institute,India,,
Collaborations,61,11.06.2022,Academic,Govt. Naveen College - Pirda Mahasamund,Institute,India,,
Collaborations,62,11.06.2022,Academic,Dr. Bhimrao Ambedkar Govt. College - Baloda,Institute,India,,
Collaborations,63,11.06.2022,Academic,Late Shree Jaidev Satpathi Govt. College - Basana,Institute,India,,
Collaborations,64,11.06.2022,Academic,Chandrapal Dadsena Govt. College - Pithora,Institute,India,,
Collaborations,65,11.06.2022,Academic,Virangana Avanti Bai Govt. College - Chhuikhadan,Institute,India,,
Collaborations,66,11.06.2022,Academic,Govt. Naveen College - Manchuwa Balod,Institute,India,,
Collaborations,67,11.06.2022,Academic,Govt. L.C.S. College - Ambagarh Chowki,Institute,India,,
Collaborations,68,11.06.2022,Academic,Govt. Veer Surendra Say PG College - Gariaband,Institute,India,,
Collaborations,69,11.06.2022,Academic,"Dr. B.S.P. College, Ghurghoda - Raigarh",Institute,India,,
Collaborations,70,11.06.2022,Academic,Govt. Shaheed Gendsingh College - Charama,Institute,India,,
Collaborations,71,11.06.2022,Academic,D.C. Jalan College Of Quality Education - Sarsiwa,Institute,India,,
Collaborations,72,11.06.2022,Academic,Madanlal Sahu Govt. College Armarikala,Institute,India,,
Collaborations,73,11.06.2022,Academic,Ramchandi College - Saraipali,Institute,India,,
Collaborations,74,19.04.2022,Government,515 Army Base Workshop,Academic,India,,
Collaborations,75,12.04.2022,Academic,Govt. Digivijay PG Autonomous College,Institute,India,,
Collaborations,76,17.03.2022,Academic,Government V.Y.T. PG College,Institute,India,,
Collaborations,77,16.02.2022,Corporate,LSAC Global - LSAT - Inda Services Agreement,Academic,India,,
Collaborations,78,04.02.2022,Academic,Indira Gandhi Government Post Graduate College,Institute,India,,
Collaborations,79,02.02.2022,Academic,Suryodaya College Of Engineering And Technology,Institute,India,,
Collaborations,80,28.12.2021,,Pending From Second Party,Pending,India,,
Collaborations,81,23.09.2021,,J D College Of Engineering & Management,,,,
Collaborations,82,23.09.2021,Corporate,Sai Design & Software Solutions,Academic,India,,
Collaborations,83,22.09.2021,,(Pending From Second Party) Sent Through Speed Post,Pending,India,,
Collaborations,84,10.09.2021,,Starex University,,,,
Collaborations,85,27.08.2021,Inc / Corporate,Spran International Pte Ltd,Academic,Singapore,,
Collaborations,86,23.07.2021,Academic,ICFAI University,Institute,India,,
Collaborations,87,09.07.2021,Government,Chhattisgarh Council Of Science & Technology (CGCOST),Institute,India,,
Collaborations,88,01.07.2021,Academic,Shri Sai Baba Aadarsh Mahavidyalaya,Institute,India,,
Collaborations,89,28.06.2021,Academic,Ipem Group Of Institutions,Institute,India,,
Collaborations,90,21.06.2021,Academic,St. Thomas College,Institute,India,,
Collaborations,91,27.05.2021,Corporate,Consortium Of National Law University - Clat 2021,Others,India,,
Collaborations,92,25.05.2021,Academic,Sandip University,University,India,,
Collaborations,93,25.03.2021,Corporate,Devi Hospital,Others,India,,
Collaborations,94,23.03.2021,Inc / Corporate,Xebia IT Architects Ind. Pvt. Ltd. (Over - Cancelled),Academic,India,,
Collaborations,95,19.01.2021,Inc / Corporate,B.Incube - Incubation Centre,Incubation Centre,India,,
Collaborations,96,2020-2021,Institution,"Govt Dudha Dhari Bajrang Girls Post Graduate Autonomous College, Raipur",Institution,India,,
Collaborations,97,2020-2021,Institution,Innovative Project Management Services Private Limited,Institution,India,,
Collaborations,98,2020-2021,Institution,"Guru Ghasidas Vishwavidyalaya, Bilaspur",Institution,India,,
Collaborations,99,2020-2021,Industry,Vamaa Dairy Private Limited,Industry,India,,
Collaborations,100,2020-2021,Industry,Social Spark,Industry,India,,
Collaborations,101,2020-2021,Industry,Konsole Group,Industry,India,,
Collaborations,102,2020-2021,Industry,RBP Law Chambers,Industry,India,,
Collaborations,103,2020-2021,Guest Lecture,DB Corp Ltd. Radio Division,Guest Lecture,,,
Collaborations,104,2020-2021,Guest Lecture,Aquaplast Infracon Pvt.Ltd.,Guest Lecture,,,
Collaborations,105,2020-2021,Guest Lecture,Bharat Construction Sales And Services,Guest Lecture,,,
Collaborations,106,2020-2021,Guest Lecture,"Government Digvijay Autonomous PG College, Rajnandgaon,C.G",Guest Lecture,,,
Collaborations,107,2020-2021,Guest Lecture,Indika Ai Private Limited,Guest Lecture,,,
Collaborations,108,2020-2021,Guest Lecture,Prosple,Guest Lecture,,,
Collaborations,109,2020-2021,Industry,Apply Volt,Industry,India,,
Collaborations,110,2020-2021,Industry,Wielabs,Industry,India,,
Collaborations,111,2020-2021,Industry,Own Technology & Science,Industry,India,,
Collaborations,112,2020-2021,Industry,H-Bots Robotics,Industry,India,,
Collaborations,113,26.12.2020,Corporate,Sadbhavna Hospital,Others,India,,
Collaborations,114,24.12.2020,Industry,Cidc - Construction Industry Development Council,Academic,India,,
Collaborations,115,17.03.2020,Corporate,Imaginxp - Giggle Galaxy Private Limited,Academic,India,,
Collaborations,116,07.03.2020,Corporate,Sahil Waste Paper Suppliers,Others,India,,
Collaborations,117,25.02.2020,Corporate,Consortium of National Law University - CLAT 2020,Others,India,,
Collaborations,118,13.01.2020,Inc / Corporate,AIC@36Inc - Chips,Academic,India,,
Collaborations,119,2019-2020,Industry,Dhanush Engineering Services,Industry,India,,
Collaborations,120,2019-2020,Industry,Pulse Active Stations,Industry,India,,
Collaborations,121,2019-2020,Industry,Confederation of India Industry,Industry,India,,
Collaborations,122,2019-2020,Industry,J V Realty,Industry,India,,
Collaborations,123,2019-2020,Industry,Lucintel Services India Pvt. Ltd.,Industry,India,,
Collaborations,124,2019-2020,Industry,Just Dial Ltd.,Industry,India,,
Collaborations,125,2019-2020,Industry,Mayfair Lake Resort,Industry,India,,
Collaborations,126,2019-2020,Industry,Courtyard by Marriott,Industry,India,,
Collaborations,127,2019-2020,Industry,Globecrop Law Consults & Services Pvt. Ltd.,Industry,India,,
Collaborations,128,2019-2020,Industry visit,Universal Plus,Industry Visit,,,
Collaborations,129,2019-2020,Guest Lecture,Havells India Pvt. Ltd.,Guest Lecture,,,
Collaborations,130,2019-2020,Industry,Globecrop Microfinance Foundation,Industry,India,,
Collaborations,131,2019-2020,Industry,Cytogene Research & Development,Industry,India,,
Collaborations,132,16.11.2019,Corporate,Eliteuniversal Sports Alliance India Private Limited,Others,India,,
Collaborations,133,24.10.2019,Academic,Inflibnet Centre - Shodhganga/Shodhgangotri,Academic,India,,
Collaborations,134,18.10.2019,Academic,Edayathangudy G.S. Pillay Arts & Science College,Institute,India,,
Collaborations,135,05.10.2019,Corporate,Cadd Centre Training Services Pvt. Ltd.,Academic,India,,
Collaborations,136,04.10.2019,Corporate,Bosch Limited,Academic,India,,
Collaborations,137,19.09.2019,Academic,International Mind Education Institute,Institute,South Korea,,
Collaborations,138,13.09.2019,Academic,Cytogene Research And Development,Institute,India,,
Collaborations,139,22.08.2019,Academic,"Mgm's College Of Engineering, Nanded",Institute,India,,
Collaborations,140,17.08.2019,Corporate,Energy Efficiency Services Ltd. (EESL),Academic,India,,
Collaborations,141,14.08.2019,Corporate,M/S Raj Builders & Constructions,Others,India,,
Collaborations,142,13.08.2019,Government,"The Entrepreneurship Cell - NIT, Raipur",Academic,India,,
Collaborations,143,10.08.2019,Corporate,CL Educate Limited,Academic,India,,
Collaborations,144,01.08.2019,Corporate,M/S. Adatte E-Waste Management Private Limited,Others,India,,
Collaborations,145,01.07.2019,Corporate,Hed Experts Private Limited (Xcelerator),Academic,India,,
Collaborations,146,21.06.2019,Corporate,Superset - Weblength Infonet Pvt. Ltd.,Academic,India,,
Collaborations,147,18.06.2019,Academic,Govt. Nagarjuna Post Graduate College of Science,Institute,India,,
Collaborations,148,18.06.2019,Corporate,Sandip Foundation (Only Certificate Given),Others,India,,
Collaborations,149,04.05.2019,Corporate,Techmiracle Edusoft LLP,Academic,India,,
Collaborations,150,30.04.2019,Corporate,Being Preneur,Others,India,,
Collaborations,151,25.04.2019,Corporate,Nav Ankur Foundation,Academic,India,,
Collaborations,152,12.04.2019,Corporate,Oredian Education Resources Limited,Others,Nigeria,,
Collaborations,153,08.04.2019,Corporate,Agreement (Algol - Balasai),Others,India,,
Collaborations,154,04.04.2019,Corporate,Proposal of Bhagwan Shri Balasai Educational & Charitable Society,Others,India,,
Collaborations,155,02.04.2019,Corporate,Proposal of Algol Universal Trust,Others,India,,
Collaborations,156,27.03.2019,Inc / Corporate,No Place Limited,Incubation Centre,United Kingdom,,
Collaborations,157,25.03.2019,Academic,Universite Nango Conakry,University,Guinee,,
Collaborations,158,25.03.2019,Academic,L'universite Kofi Annan De,University,Guinee,,
Collaborations,159,13.03.2019,Inc / Corporate,Kingsmead Business Solution Limited,Incubation Centre,United kingdom,,
Collaborations,160,09.03.2019,Corporate,"Convenor, Core Committee, CLAT 2019",Others,India,,
Collaborations,161,09.03.2019,Academic,Siddhivinayak Technical Campus,Institute,India,,
Collaborations,162,08.03.2019,Academic,Rajamahendri Institute Of Engineering & Technology,Institute,India,,
Collaborations,163,06.03.2019,Corporate,Pearson India Education Services Pvt. Ltd.,Academic,India,,
Collaborations,164,28.02.2019,Academic,Rajiv Gandhi Government Arts & Commerce College,Institute,India,,
Collaborations,165,03.02.2019,Academic,Tribhuvan University - Kirtipur,University,Nepal,,
Collaborations,166,01.02.2019,Academic,Consortium,Academic,India,,
Collaborations,167,21.01.2019,Corporate,Lsat - India (Pearson),Academic,India,,
Collaborations,168,2018-2019,Industry,Cadd Centre Training Services,Industry,India,,
Collaborations,169,2017-2018,Guest lecture,Eliteuniversal Sports Alliance India Private Limited,Guest Lecture,-,,
Collaborations,170,2017-2018,Industry,Tata Power Skill Development Institute,Industry,India,,
Collaborations,171,2017-2018,Industry,Kalpataru Power Transmission Ltd.,Industry,India,,
Collaborations,172,2017-2018,Guest Lecture,CAD Academy,Guest Lecture,,,
Collaborations,173,2017-2018,Industry,Network Computers,Industry,India,,
Collaborations,174,2017-2018,Industry,R.R. Ispat (A Unit Of Godawari Power & Ispat Ltd.),Industry,India,,
Collaborations,175,2017-2018,Industry,Globussoft Pvt. Ltd.,Industry,India,,
Collaborations,176,2017-2018,Industry Visit,Bansod Realtors,Industry Visit,,,
Collaborations,177,2017-2018,Industry,Infotech Services,Industry,India,,
Collaborations,178,2017-2018,Guest Lecture,KDG & Company,Guest Lecture,,,
Collaborations,179,2017-2018,Guest Lecture,DFL Buildcon,Guest Lecture,,,
Collaborations,180,27.12.2018,Corporate,Global Placements,Academic,India,,
Collaborations,181,17.12.2018,Inc / Corporate,Linkup Property Development Limited,Incubation Centre,United Kingdom,,
Collaborations,182,15.12.2018,Corporate,Gem Learning Services Pvt. Ltd.,Academic,India,,
Collaborations,183,06.11.2018,Academic,Hewad University,University,Afghanistan,,
Collaborations,184,22.10.2018,Inc / Corporate,P Property Holdings Limited,Incubation Centre,United kingdom,,
Collaborations,185,11.10.2018,Corporate,Microsoft Corporation (India) Pvt. Ltd.,Academic,India,,
Collaborations,186,08.08.2018,Inc / Corporate,Deudraa UK Limited,Incubation Centre,United kingdom,,
Collaborations,187,01.08.2018,Corporate,Baghel Tutorial,Academic,India,,
Collaborations,188,18.07.2018,Corporate,Aum Imexco (India) Pvt. Ltd.,Academic,India,,
Collaborations,189,12.07.2018,Academic,Balaji Institute of International Business (BIIB),Institute,India,,
Collaborations,190,07.07.2018,Academic,Rajiv Gandhi National University of Law,University,India,,
Collaborations,191,03.07.2018,Corporate,Spran International Pte Ltd,Incubation Centre,Malaysia,,
Collaborations,192,03.07.2018,Industry,PHD Chamber of Commerce and Industry,Academic,India,,
Collaborations,193,30.06.2018,Corporate,NIIT Ltd.,Academic,India,,
Collaborations,195,10.05.2018,Academic,"Academy of Journalism And Communication, Hanoi",Institute,Vietnam,,
Collaborations,196,07.05.2018,Corporate,Cdsl Ventures Limited,Academic,India,,
Collaborations,197,07.04.2018,Academic,Shaheed Prof. Rabbani Education University,University,Afghanistan,,
Collaborations,198,29.03.2018,Corporate,"Convenor, Core Committee, CLAT 2018",Others,India,,
Collaborations,199,16.03.2018,Corporate,Enhance Knowledge Services (Million Lights),Academic,India,,
Collaborations,200,31.08.2017,Corporate,Career launcher - cl educate limited,Academic,India,,
Collaborations,201,30.06.2017,Corporate,M/s Rubyc Enterprises - missing,Academic,India,,
Collaborations,202,04.12.2014,Academic,Dr. Radhabai Govt. Naveen Girls' College,Institute,India,,
Collaborations,203,29.07.2011,Corporate,Kaushal Bharat Vikas Kendra (KBVK),Academic,India,,
Our Collaborative Activities,2022,"Guru Nanak First Grade Degree College, Bidar",3 Years,Academic Development of Faculty,Workshop,2023,,
Our Collaborative Activities,2022,"Guru Nanak Dev Engineering College, Bidar, Karnataka",3 Years,"Mentoring HEI Towards Accreditation & Training, and Placements",Research Establishment,2023,,
Our Collaborative Activities,2023,"GEMS Polytechnic College, Aurangabad, Bihar",3 Years,Consultancy Work,Consultancy Work,2023,,
Our Collaborative Activities,2020,WieLabs,3 Years,Training & Placement,Internship & Placement,2022,,
Our Collaborative Activities,2022,Polygon Geospatial Pvt.Ltd.,3 Years,Research & Collaboration,Research Projects & Collaboration,2023,,
Our Collaborative Activities,2023,Yash Foundation,15 Years,Workshop,Workshop,2023,,
Our Collaborative Activities,2021,Vamaa Dairy Private Limited,5 Years,Placement,Placement,2023,,
Our Collaborative Activities,2021,Social Spark,5 Years,Placement,Placement,2023,,
Our Collaborative Activities,2021,Konsole Group,5 Years,Placement,Placement,2023,,
Our Collaborative Activities,2021,Bharat Construction Sales and Services,5 Years,Placement,Placement,2023,,
Our Collaborative Activities,2019,Kalapatru Power & Transmission Ltd.,5 Years,Placement,Placement,2023,,
Our Collaborative Activities,2019,Just Dial Ltd.,5 Years,Placement,Placement,2023,,
Our Collaborative Activities,2022,"515 Army Base Workshop, Ulsoor
Bengaluru-560008",3 Years,Training & Research,Training,2022,,
Our Collaborative Activities,2019,"Balco Medical Centre
Sector-36, Upperwara, Atal Nagar, Naya Raipur (C.G)",5 Years,Academic Development of Students,Internship,2022,,
Our Collaborative Activities,2022,"Indian College of Education, Mahasamund",3 Years,Implementing and Incorporating OBE,Research Establishment,2022,,
Our Collaborative Activities,2022,Eduskills Foundation,3 Years,"Skill Development, IT Education, and Workforce Development Programs",Internships & Skill Development,2022,,
Our Collaborative Activities 2021-2022,2019,"Balco Medical Centre
Sector-36, Upperwara, Atal Nagar, Naya Raipur (C.G)",5 Years,Academic Development of Students,Internship,2021-22,,
Our Collaborative Activities 2021-2022,2020,Vamaa Dairy Private Limited,5 Years,Placement,Placement,2021-22,,
Our Collaborative Activities 2021-2022,2020,Social Spark,5 Years,Placement,Placement,2021-22,,
Our Collaborative Activities 2021-2022,2020,Konsole Group,5 Years,Placement,Placement,2021-22,,
Our Collaborative Activities 2021-2022,2020,RBP Law Chambers,5 Years,Placement,Placement,2021-22,,
Our Collaborative Activities 2021-2022,2021,Bharat Construction Sales and Services,5 Years,Placement,Placement,2021-22,,
Our Collaborative Activities 2021-2022,2021,DB Corp Ltd. Radio Division,5 Years,Placement,Placement,2021-22,,
Our Collaborative Activities 2021-2022,2019,Kalapatru Power & Transmission Ltd.,5 Years,Placement,Placement,2021-22,,
Our Collaborative Activities 2021-2022,2018,CAD Academy,5 Years,Placement,Placement,2021-22,,
Our Collaborative Activities 2021-2022,2018,Globussoft Pvt. Ltd.,5 Years,Placement,Placement,2021-22,,
Our Collaborative Activities 2021-2022,2020,Just Dial Ltd.,5 Years,Placement,Placement,2021-22,,
Our Collaborative Activities 2020 2021,2020-2021,Vamaa Dairy Private Limited,5 Years,Placement,Placement,2020-21,,
Our Collaborative Activities 2020 2021,2020-2021,Social Spark,5 Years,Placement,Placement,2020-21,,
Our Collaborative Activities 2020 2021,2020-2021,Konsole Group,5 Years,Placement,Placement,2020-21,,
Our Collaborative Activities 2020 2021,2020-2021,Bharat Construction Sales and Services,5 Years,Placement,Placement,2020-21,,
Our Collaborative Activities 2020 2021,2020-2021,RBP Law Chambers,5 Years,Placement,Placement,2020-21,,
Our Collaborative Activities 2020 2021,2020-2021,DB Corp Ltd. Radio Division,5 Years,Placement,Placement,2020-21,,
Our Collaborative Activities 2020 2021,2020-2021,Aquaplast Infracon Pvt.Ltd.,5 Years,Guest Lecture,Guest Lecture,2020-21,,
Our Collaborative Activities 2020 2021,2020-2021,"Government Digvijay Autonomous PG College, Rajnandgaon, CG",1 Year,Guest Lecture,Guest Lecture,2020-21,,
Our Collaborative Activities 2020 2021,2020-2021,Indika AI Private Limited,1 Year,Guest Lecture,Guest Lecture,2020-21,,
Our Collaborative Activities 2020 2021,2020-2021,Prosple,1 Year,Guest Lecture,Guest Lecture,2020-21,,
Our Collaborative Activities 2020 2021,2020-2021,Apply Volt,2 Years,Internships,Internships,2020-21,,
Our Collaborative Activities 2020 2021,2020-2021,WieLabs,2 Years,Internships,Internships,2020-21,,
Our Collaborative Activities 2020 2021,2020-2021,Own Technology & Science,2 Years,Internships,Internships,2020-21,,
Our Collaborative Activities 2020 2021,2020-2021,H-Bots Robotics,2 Years,Internships,Internships,2020-21,,
Our Collaborative Activities 2020 2021,2020-2021,Dhanush Engineering Services,2 Years,Internships,Internships,2020-21,,
Our Collaborative Activities 2020 2021,2020-2021,Pulse Active Stations,2 Years,Internships,Internships,2020-21,,
Our Collaborative Activities 2020 2021,2020-2021,Confederation of Indian Industry,1 Year,Webinar,Webinar,2020-21,,
Our Collaborative Activities 2019-20,2020,"36INC, Chhattisgarh Govt.",3 Years,Guest Lecture,Guest Lecture,2020,,
Our Collaborative Activities 2019-20,2019,Elite Universal Sports Alliance India Private Limited,10 Years,Guest Lecture,Guest Lecture,2019,,
Our Collaborative Activities 2019-20,2019,Havells India Pvt. Ltd.,5 Years,Guest Lecture,Guest Lecture,2019,,
Our Collaborative Activities 2019-20,2019,Vedanta Medical Research Foundation,5 Years,Internship,Internship,2019,,
Our Collaborative Activities 2019-20,2019,,,Guest Lecture,Guest Lecture,2019,,
Our Collaborative Activities 2019-20,2019,,,Placement Drive,Placement Drive,2019,,
Our Collaborative Activities 2019-20,2019,,,Internship,Internship,2019,,
Our Collaborative Activities 2019-20,2019,,,Industry Visit,Industry Visit,2019,,
Our Collaborative Activities 2019-20,2019,Universal Plus,5 Years,Industry Visit,Industry Visit,2019,,
Our Collaborative Activities 2019-20,2019,Globecrop Law Consults & Services Pvt. Ltd.,5 Years,Guest Lecture,Guest Lecture,2019,,
Our Collaborative Activities 2019-20,2019,Cytogene Research & Development,5 Years,Workshop,Workshop,2019,,
Our Collaborative Activities 2019-20,2019,Courtyard By Marriott,5 Years,Internship,Internship,2019,,
Our Collaborative Activities 2019-20,2019,Mayfair Lake Resort,5 Years,Internship,Internship,2019,,
Our Collaborative Activities 2019-20,2019,Just Dial Ltd.,5 Years,Internship,Internship,2019,,
Our Collaborative Activities 2019-20,2019,Lucintel Services India Pvt. Ltd.,5 Years,Industry Visit,Industry Visit,2019,,
Our Collaborative Activities 2019-20,2019,J V Realty,5 Years,Placement Drive,Placement Drive,2019,,
Our Collaborative Activities 2019-20,2019,Tata Power Skill Development Institute,1 Year,Training,Training,2019,,
Our Collaborative Activities 2019-20,2019,Globecrop Microfinance Foundation,5 Years,Guest Lecture,Guest Lecture,2019,,
Our Collaborative Activities 2019-20,2019,Cadd Centre Training Services,3 Years,Workshop,Workshop,2019,,
Our Collaborative Activities 2019-20,2019,CL Educate Ltd.,1 Year,Guest Lecture,Guest Lecture,2019,,
Our Collaborative Activities 2019-20,2019,Bosch Ltd.,1 Year,Guest Lecture,Guest Lecture,2019,,
Our Collaborative Activities 2019-20,2019,International Mind Education Institute South Korea,5 Years,Guest Lecture,Guest Lecture,2019,,
Our Collaborative Activities 2019-20,2019,MGM College Of Engineering - Nanded,2 Years,Guest Lecture,Guest Lecture,2019,,
Our Collaborative Activities 2019-20,2019,The Enterprenurship Cell NIT Raipur,1 Year,Guest Lecture,Guest Lecture,2019,,
Our Collaborative Activities 18-19,2019.0,Kalpataru Power Transmission Ltd.,5 Years,Plant Visit,Plant Visit,2019.0,,
Our Collaborative Activities 18-19,,,,Placement Drive,Placement Drive,,,
Our Collaborative Activities 18-19,,,,Guest Lecture,Guest Lecture,,,
Our Collaborative Activities 18-19,2018.0,Globussoft Pvt. Ltd.,5 Years,Placement Drive,Placement Drive,2018.0,,
Our Collaborative Activities 18-19,,,,Internship,Internship,,,
Our Collaborative Activities 18-19,2018.0,KDG & Company,5 Years,Guest Lecture,Guest Lecture,2018.0,,
Our Collaborative Activities 18-19,2018.0,Magnum Group,5 Years,Placement Drive,Placement Drive,2018.0,,
Our Collaborative Activities 18-19,2018.0,Saisun Outsourcing Services Pvt. Ltd.,2 Years,Placement Drive,Placement Drive,2018.0,,
