course,career_path,description
Bachelor of Animation & Visual Effects,Compositing Artist,Combine multiple visual elements and create a realistic final image.
Bachelor of Animation & Visual Effects,Texturing Artist,"Create and apply textures to 3D models in games, movies, and animations."
Bachelor of Animation & Visual Effects,3D Animator,"Create 3D space, characters, and objects using advanced animation techniques."
Bachelor of Animation & Visual Effects,VFX Artist,Create realistic effects like a transformation or an explosion by combining footage.
Bachelor of Animation & Visual Effects,Storyboard Artist,"Plan camera angles, shots, and scenes before production begins."
Bachelor of Animation & Visual Effects,Motion Graphics Designer,"Create animated visuals by combining animation, graphic design, and storytelling."
Bachelor of Animation & Visual Effects,Game Animator,"Use animation software to develop characters, objects, and creatures."
Bachelor of Animation & Visual Effects,Video Editor,Convert raw footage into a final polished video using different editing software.
Bachelor of Animation & Visual Effects,Character Designer,"Bring characters to life through sketches, digital arts, and 3D models."
Bachelor of Arts (With PSC Coaching),Public Relations Executive,"Manage a company or organisation’s public image and reputation by handling press releases, public messages, and events."
Bachelor of Arts (With PSC Coaching),Social Worker,Work with NGOs or join the government programs and work on social issues.
Bachelor of Arts (With PSC Coaching),Research Assistant,"Support research work by collecting and analysing data, and preparing research reports."
Bachelor of Arts (With PSC Coaching),Political Analyst,"Understand political trends, interpret the political system and policies, and forecast potential outcomes."
Bachelor of Arts (With PSC Coaching),Translator,"Translate books, documents, or scripts in different languages and work as a bilingual translator."
Bachelor of Arts (With PSC Coaching),Museum Assistant,"Handle administrative duties, ensure cleanliness and security, support in exhibition planning, and maintain heritage collections."
Bachelor of Arts (With PSC Coaching),Content Developer (Education Sector),"Write educational materials for schools, colleges, or coaching centres."
Bachelor of Arts (With PSC Coaching),Civil Services Aspirant,"Get prepared for UPSC, PSC, or other competitive government exams."
Bachelor of Arts (With PSC Coaching),Librarian,"Oversee the cataloguing, maintenance, and organisation of physical and digital collections, and adapt to the latest technologies."
Bachelor of Arts & Bachelor of Law,Legal Research Associate,Perform in-depth legal research work and draft supporting documents.
Bachelor of Arts & Bachelor of Law,Human Rights Advocate,Work with NGOs and provide legal support to marginalised communities.
Bachelor of Arts & Bachelor of Law,Legal Journalist,"Interview legal experts and write for newspapers, blogs, and other platforms."
Bachelor of Arts & Bachelor of Law,Social Justice Consultant,Develop legal programs that bridge law and social welfare.
Bachelor of Arts & Bachelor of Law,Legal Advisor (Media & Entertainment Industry),"Manage copyright issues, IP rights, and contracts."
Bachelor of Arts & Bachelor of Law,Court Clerk,Support judges with legal documentation and administrative work.
Bachelor of Arts & Bachelor of Law,Legal Compliance Executive,Review company policies and ensure they align with legal standards.
Bachelor of Arts & Bachelor of Law,Environmental Law Associate,Work with environmental NGOs and solve their legal cases.
Bachelor of Arts & Bachelor of Law,Child Rights Advocate,Work closely with child welfare bodies and protect their legal rights.
Bachelor of Arts in Journalism and Mass Communication with PSC Coaching,Radio Jockey (RJ),"Discuss trending topics, host radio shows, engage with listeners in calls and messages, and interview guests."
Bachelor of Arts in Journalism and Mass Communication with PSC Coaching,Photojournalist,Work for media channels and capture images to document events for storytelling.
Bachelor of Arts in Journalism and Mass Communication with PSC Coaching,Podcast Producer,"Plan, schedule, record, edit, promote shows, and ensure content is informative and engaging."
Bachelor of Arts in Journalism and Mass Communication with PSC Coaching,Digital Content Creator,"Select a niche or work for other creators and assist in developing vlogs, videos, and visuals."
Bachelor of Arts in Journalism and Mass Communication with PSC Coaching,TV Anchor,"Present new stories, host programs, and deliver breaking news using an engaging tone."
Bachelor of Arts in Journalism and Mass Communication with PSC Coaching,Magazine Feature Writer,Research and write informative pieces or articles for specialised topics.
Bachelor of Arts in Journalism and Mass Communication with PSC Coaching,PR Events Executive,Plan and execute campaigns and connect the brand with its audiences.
Bachelor of Arts in Journalism and Mass Communication with PSC Coaching,Public Campaign Coordinator,"Develop campaign strategies, handle communications, organise events, and manage budgets."
Bachelor of Arts in Journalism and Mass Communication with PSC Coaching,Community Outreach Specialist,Develop outreach campaigns and ensure that government initiatives align with community needs.
Bachelor of Arts in Liberal Arts,Creative Writer,"Write engaging stories, scripts, and articles for print media or other digital platforms."
Bachelor of Arts in Liberal Arts,Cultural Studies Analyst,"Study and analyse local, national, and global cultural practices for reports and publications."
Bachelor of Arts in Liberal Arts,Economic Research Assistant,"Prepare summaries and reports on market trends, economic development, and policies."
Bachelor of Arts in Liberal Arts,Environmental Policy Assistant,Draft policies and work on projects that promote environmental awareness and action.
Bachelor of Arts in Liberal Arts,Film & Media Critic,Review and analyse films and write critiques for different media publications.
Bachelor of Arts in Liberal Arts,Museum & Art Gallery Assistant,"Assist in maintaining artworks and historical collections, and organise exhibitions."
Bachelor of Arts in Liberal Arts,Modern History Researcher,"Gather and analyse historical data from recent events and trends, and prepare reports and publications."
Bachelor of Arts in Liberal Arts,Social Research Assistant,Address community needs by collecting and analysing surveys and data.
Bachelor of Arts in Liberal Arts,Political Campaign Coordinator,Organise events and manage outreach and communication of various political campaigns.
Bachelor Of Business Administration,Marketing Executive,Develop plans and execute marketing strategies.
Bachelor Of Business Administration,Business Analyst,Analyse business processes and prepare actionable insights.
Bachelor Of Business Administration,Sales Support Executive,Assist in sales tasks and maintain CRM records.
Bachelor Of Business Administration,Product Development Assistant,Coordinate with teams and assist in design planning.
Bachelor Of Business Administration,Entrepreneur,Turn your startup idea into a profitable business.
Bachelor Of Business Administration,Retail Manager,Supervise store operations and monitor teams.
Bachelor Of Business Administration,Customer Relationship Manager,Maintain strong relationships with clients.
Bachelor Of Business Administration,Logistics Coordinator,Coordinate with vendors and track the movement of goods.
Bachelor Of Business Administration,Startup Consultant,Assist new ventures in planning and scaling.
Bachelor Of Business Administration And Bachelor Of Law,Corporate Legal Associate,"Support in mergers, acquisitions, and contract negotiations."
Bachelor Of Business Administration And Bachelor Of Law,Banking and Finance Legal Consultant,Assist in financial dispute resolution and prepare legal documents.
Bachelor Of Business Administration And Bachelor Of Law,Corporate Policy Analyst,Research new regulations and prepare policy notes for decision-making.
Bachelor Of Business Administration And Bachelor Of Law,Business Legal Strategist,Prepare legal strategies that align business goals with the government regulations
Bachelor Of Business Administration And Bachelor Of Law,Real Estate Legal Consultant,"Provide legal advice on registration, documentation, leases, and disputes."
Bachelor Of Business Administration And Bachelor Of Law,E-Commerce Legal Specialist,"Manage legal aspects of online transactions, consumer rights, data privacy, and platform compliance."
Bachelor Of Business Administration And Bachelor Of Law,Legal Officer (Export & Import Sector),Draft international trade contracts and ensure customs law compliance.
Bachelor Of Business Administration And Bachelor Of Law,Technology and Cyber Law Analyst,"Draft data privacy policies, compliance terms, and user agreements."
Bachelor Of Business Administration And Bachelor Of Law,Legal Project Manager,"Track case progress, deadlines, and document collection."
Bachelor of Business Administration in Film Making [In Collaboration with Niira educom],Assistant Director,"Support the director with on-set activities, logistics, crew communication, and shoot timings."
Bachelor of Business Administration in Film Making [In Collaboration with Niira educom],Camera Operator,Operate professional cameras and capture each shot with the director’s guidance.
Bachelor of Business Administration in Film Making [In Collaboration with Niira educom],Scriptwriter,"Write engaging scripts and dialogues for films, television, and commercials."
Bachelor of Business Administration in Film Making [In Collaboration with Niira educom],Sound Designer,Create unique sound effects that match the mood and visuals of the film.
Bachelor of Business Administration in Film Making [In Collaboration with Niira educom],Visual Effects (VFX) Artist,"Integrate special visual effects or a digitally-generated image into live action in films, television, or commercials."
Bachelor of Business Administration in Film Making [In Collaboration with Niira educom],Animation Artist,Design visually engaging images for films and advertisements.
Bachelor of Business Administration in Film Making [In Collaboration with Niira educom],Film Critic,Review and analyse films for media outlets or other online platforms.
Bachelor of Business Administration in Film Making [In Collaboration with Niira educom],Lighting Technician,Set up and operate lighting equipment that matches with mood and tone.
Bachelor of Business Administration in Film Making [In Collaboration with Niira educom],Production Designer,"Plan and oversee the overall visual look that includes props, backdrops, and locations."
Bachelor Of Commerce,Accountant,Record business transactions and update ledgers regularly.
Bachelor Of Commerce,Billing Executive,Create and manage invoices and update billing records
Bachelor Of Commerce,Inventory Analyst,Monitor stock levels and coordinate with vendors.
Bachelor Of Commerce,Sales Support Executive,"Maintain sales data, track leads, and manage CRM entries."
Bachelor Of Commerce,Customer Relationship Executive,"Handle feedback, complaints, and resolve queries."
Bachelor Of Commerce,Data Entry Clerk,Maintain spreadsheets and record large volumes of data with precision.
Bachelor Of Commerce,E-Commerce Assistant,Manage product listing and respond to customer queries.
Bachelor Of Commerce,Back Office Executive,Handle day-to-day activities and coordinate with teams.
Bachelor Of Commerce,Market Survey Assistant,Gather customer responses and prepare summary reports.
Bachelor of Computer Applications in Artificial Intelligence and Machine Learning,Junior AI Developer,Assist senior developers in building AI applications and intelligent systems.
Bachelor of Computer Applications in Artificial Intelligence and Machine Learning,Junior Data Analyst,Find trends and patterns in structured and unstructured datasets.
Bachelor of Computer Applications in Artificial Intelligence and Machine Learning,AI Chatbot Developer,Design conversational chatbots that improve customer interactions.
Bachelor of Computer Applications in Artificial Intelligence and Machine Learning,AI Tools Specialist,Assist businesses in using specific AI tools that can automate tasks and solve complex problems.
Bachelor of Computer Applications in Artificial Intelligence and Machine Learning,NLP Assistant,Design and develop algorithms for various NLP tasks.
Bachelor of Computer Applications in Artificial Intelligence and Machine Learning,AI Research Assistant,Collect and organise data on emerging AI technologies and prepare case studies and reports.
Bachelor of Computer Applications in Artificial Intelligence and Machine Learning,AI-Powered Automation Executive,Help businesses automate repetitive tasks through AI applications.
Bachelor of Computer Applications in Artificial Intelligence and Machine Learning,AI Testing and Quality Analyst,Develop and implement testing strategies to improve AI and ML model performance.
Bachelor of Computer Applications in Artificial Intelligence and Machine Learning,AI Support and Deployment Engineer,Assist clients in setting up AI software across their systems and troubleshoot issues.
Bachelor of Computer Applications in Game Development with Artificial Intelligence,Game Designer,"Design new gameplay concepts, mechanics, and rules to create engaging player experiences."
Bachelor of Computer Applications in Game Development with Artificial Intelligence,Game Developer,"Develop engaging video games and interactive features by using programming, game engines, and design tools."
Bachelor of Computer Applications in Game Development with Artificial Intelligence,AI Gameplay Engineer,"Develop intelligent gameplay systems where characters learn, react, and adapt to player actions."
Bachelor of Computer Applications in Game Development with Artificial Intelligence,Graphics Programmer,Design advanced graphics and visual effects that bring the game worlds and characters to life.
Bachelor of Computer Applications in Game Development with Artificial Intelligence,AR/VR Developer,Create engaging gaming experiences using AR/VR technologies and game engines.
Bachelor of Computer Applications in Game Development with Artificial Intelligence,Simulation Engineer,Develop realistic simulation systems that replicate real-world scenarios.
Bachelor of Computer Applications in Game Development with Artificial Intelligence,Technical Artist,Support game development teams by combining artistic creativity with technical and programming skills.
Bachelor of Computer Applications in Game Development with Artificial Intelligence,Gameplay Programmer,"Write code that powers character movement, controls, and player interactions."
Bachelor of Computer Applications in Game Development with Artificial Intelligence,Game Tester,"Test games for bugs, glitches, and performance issues for a smooth user experience."
Bachelor of Computer Science in AI & ML and Cybersecurity,AI Engineer,"Build intelligent systems and applications that can learn, analyse, and make decisions."
Bachelor of Computer Science in AI & ML and Cybersecurity,Machine Learning Engineer,"Design, develop, and optimise algorithms and create models that power intelligent applications."
Bachelor of Computer Science in AI & ML and Cybersecurity,Cybersecurity Analyst,"Monitor, detect, and respond to security issues and develop protection strategies."
Bachelor of Computer Science in AI & ML and Cybersecurity,Cloud Security Specialist,"Identify vulnerabilities, implement security controls, and develop security policies."
Bachelor of Computer Science in AI & ML and Cybersecurity,AI Product Developer,"Build AI-based products like chatbots, voice bots, and virtual assistants."
Bachelor of Computer Science in AI & ML and Cybersecurity,Cyber Forensics Expert,Investigate cybercrimes and trace security breaches.
Bachelor of Computer Science in AI & ML and Cybersecurity,Chatbot Developer,Build intelligent conversational bots that understand human queries.
Bachelor of Computer Science in AI & ML and Cybersecurity,AI Solutions Consultant,Analyse business problems and recommend AI tools and solutions.
Bachelor of Computer Science in AI & ML and Cybersecurity,IT Risk Analyst,Identify potential cybersecurity threats and develop security strategies.
Bachelor of Education,Primary School Teacher,Teach different subjects to young students and create an engaging learning environment.
Bachelor of Education,Secondary School Teacher,Plan lessons based on your subject expertise and teach middle and high school students.
Bachelor of Education,Senior Secondary Teacher,"Guide senior students on important topics in various streams, including commerce, science, and arts and humanities."
Bachelor of Education,Special Education Teacher,Mentor students with special needs using different learning styles.
Bachelor of Education,School Administrator,Manage different departments and activities related to overall institutional development.
Bachelor of Education,Academic Coordinator,Coordinate with teachers and students and ensure academic programs align with institutional goals.
Bachelor of Education,Curriculum Developer,Draft curriculum for schools and institutes by using their academic materials.
Bachelor of Education,Online Tutor,Teach different age-group students virtually and provide personalised guidance.
Bachelor of Education,Educational Content Writer,"Prepare lesson plans, activity sheets, textbooks, and digital content."
Bachelor of Fashion Design,Assistant Fashion Designer,"Analyse market trends, prepare sketches, select appropriate materials, and coordinate with manufacturers."
Bachelor of Fashion Design,Fashion CAD Specialist,Use CAD software to translate design ideas into digital formats with detailed sketches and patterns.
Bachelor of Fashion Design,Apparel Quality Analyst,Ensure garments meet quality standards throughout the manufacturing process.
Bachelor of Fashion Design,Fashion Production Assistant,"Coordinate with suppliers and manufacturers, manage timelines for bulk production, and handle day-to-day operations."
Bachelor of Fashion Design,Retail Fashion Coordinator,Create engaging store displays and coordinate with brands to boost sales.
Bachelor of Fashion Design,Pattern-Making Assistant,"Support designers in creating precise designs with accurate cutting, sizing, and draping techniques."
Bachelor of Fashion Design,Fashion Blogger / Influencer,Share personal styles on social media platforms and work with brands.
Bachelor of Fashion Design,Footwear Designer,"Select materials, analyse trends, and create new footwear designs."
Bachelor of Fashion Design,Fashion Entrepreneur,"Start your own apparel or accessories business, or establish your own label."
Bachelor of Interior Design,Residential Interior Designer,"Create functional, safe, and aesthetically pleasing home interiors according to clients’ needs."
Bachelor of Interior Design,Commercial Interior Designer,"Design customised indoor spaces for offices, retail stores, or restaurants."
Bachelor of Interior Design,Furniture Designer,Experiment with materials and create unique and stylish furniture pieces.
Bachelor of Interior Design,Interior Stylist,"Improve spaces by arranging existing furniture and decor, and add finishing touches."
Bachelor of Interior Design,Visual Merchandiser,Design attractive store layouts by using displays and decor to improve customer engagement.
Bachelor of Interior Design,Lighting Designer,Experiment with lighting schemes to highlight architectural and interior elements.
Bachelor of Interior Design,Sustainable Interior Designer,Use eco-friendly materials to design green interiors without compromising on style and trends.
Bachelor of Interior Design,3D Visualisation Artist,Create realistic 3D models using software and produce high-quality images and designs.
Bachelor of Interior Design,Modular Kitchen Designer,Create customised kitchen spaces with smart storage solutions for homes and apartments.
Bachelor of Law,Litigation Lawyer,Prepare case files and advocate for clients in the courtroom.
Bachelor of Law,Consumer Protection Lawyer,Fight for consumer rights and advocate for compensation.
Bachelor of Law,Legal Tech Policy Consultant,Bridge the gap between legal frameworks and technologies.
Bachelor of Law,Custom & Excise Legal Assistant,Represent custom departments in courts and manage disputes.
Bachelor of Law,Insurance Claims Legal Advisor,"Represent insurers and clients for claims, damages, or fraud cases."
Bachelor of Law,Legal Content Creator,Educate the audience on trending legal topics on different platforms.
Bachelor of Law,Legal Data Entry Operator,"Maintain case records, contract clauses, and case summaries."
Bachelor of Law,Courtroom Coordinator,"Guide lawyers and clients, and ensure the smooth functioning of courtroom proceedings."
Bachelor of Law,Legal Translator,"Translate notices, judgments, and affidavits between languages."
Bachelor of Library & Information Science,Library Assistant,Support day-to-day library operations and help users utilise library facilities.
Bachelor of Library & Information Science,Information Desk Officer,"Become the first point of contact for students and researchers, and help them navigate the library resources."
Bachelor of Library & Information Science,Digital Library Assistant,"Manage digital collections, e-resources, and online archives."
Bachelor of Library & Information Science,Technical Library Support Executive,Provide IT support and troubleshoot technical issues in library operations.
Bachelor of Library & Information Science,Junior Archivist,Support in preserving and organising historical collections and manuscripts.
Bachelor of Library & Information Science,Library Operations Coordinator,"Perform staff supervision, manage collections, oversee library space, and supervise memberships."
Bachelor of Library & Information Science,Research Support Assistant,Assist students and researchers in locating journals and references.
Bachelor of Library & Information Science,Library Membership Coordinator,"Manage library subscriptions, memberships, and user registrations."
Bachelor of Library & Information Science,Institutional Repository Assistant,"Maintain institutional knowledge databases like academic papers, reports, and dissertations."
Bachelor of Pharmacy,Drug Sales Representative,Represent pharmaceutical companies and promote medicines in clinics and hospitals.
Bachelor of Pharmacy,Dispensing Pharmacist,Provide correct medicines as per the doctor’s prescription in hospitals or pharmacies.
Bachelor of Pharmacy,Regulatory Affairs Assistant,Assist pharma companies in meeting government drug safety standards.
Bachelor of Pharmacy,Compounding Technician,"Make customised creams, capsules, and syrups for patients."
Bachelor of Pharmacy,Ayurvedic Product Specialist,Work with herbal and ayurvedic companies and improve their product formulations.
Bachelor of Pharmacy,Packaging Development Assistant,Assist in choosing materials and tamper-proof packaging solutions.
Bachelor of Pharmacy,Production Line Supervisor,Coordinate with teams and ensure a smooth production process.
Bachelor of Pharmacy,Health and Wellness Advisor,"Guide customers on general medication, vitamins, and supplements."
Bachelor of Pharmacy,Cosmeceutical Product Assistant,Test and improve pharma-based beauty and skincare products.
Bachelor of Physical Education,Sports Coach,"Instruct, train, and guide athletes in different sports and prepare them for competitions."
Bachelor of Physical Education,PE Teacher,Provide theoretical knowledge and promote the importance of sports and physical activities among students.
Bachelor of Physical Education,Fitness Trainer,Design and implement safe and effective workout plans and exercises as per individual needs.
Bachelor of Physical Education,Gym Instructor,Prepare personalised workout and diet plans for individual and help them achieve their goals.
Bachelor of Physical Education,Athletic Trainer,Provide treatment and care for injuries of athletes during training and competitions.
Bachelor of Physical Education,Personal Trainer,Work one-on-one with clients and prepare customised fitness plans.
Bachelor of Physical Education,Health & Wellness Coach,Guide clients with mental and physical well-being and prepare health plans accordingly.
Bachelor of Physical Education,Sports Event Coordinator,"Plan, manage, and organise sports events and tournaments, and ensure smooth execution."
Bachelor of Physical Education,Sports Psychology Assistant,"Manage stress, focus, and emotional resilience of players by providing mental support."
Bachelor of Science in Biochemistry,Clinical Biochemist,"Analyse different blood, urine, or tissue samples to identify diseases."
Bachelor of Science in Biochemistry,Pharmaceutical Biochemist,Apply biochemical principles to develop new medicines and research on their reaction.
Bachelor of Science in Biochemistry,Toxicologist,Perform toxicity testing and its effects on living organisms.
Bachelor of Science in Biochemistry,Forensic Biochemist,"Analyse biochemical evidence, like drugs or body fluids, in crime investigations."
Bachelor of Science in Biochemistry,Cosmetic Biochemist,Use biochemical principles to develop skincare and cosmetic products.
Bachelor of Science in Biochemistry,Research Associate,Perform biochemical experiments and support in project works.
Bachelor of Science in Biochemistry,Nutritional Biochemist,Investigate the molecular and cellular impact of diet and nutrients.
Bachelor of Science in Biochemistry,Lab Technician,"Maintain lab equipment, perform experiments, and record observations."
Bachelor of Science in Biochemistry,Enzymologist,Study enzymes and develop medical or industrial products.
Bachelor of Science in Bioinformatics,Bioinformatics Analyst,"Analyse proteomic, genomic, or metabolomic data to support R&D."
Bachelor of Science in Bioinformatics,Computational Biologist,Study complex biological systems using algorithms and computational models.
Bachelor of Science in Bioinformatics,Clinical Bioinformatician,Apply bioinformatics tools for genetic diagnosis and treatment planning.
Bachelor of Science in Bioinformatics,Biomedical Data Analyst,"Use statistical tools and datasets, and interpret biomedical data."
Bachelor of Science in Bioinformatics,Structural Bioinformatics Researcher,Study 3D structures of biomolecules for drug discovery or the development of new therapies.
Bachelor of Science in Bioinformatics,Bioinformatics Software Developer,Develop software applications for biological data analysis.
Bachelor of Science in Bioinformatics,Cheminformatics Analyst,Use computational techniques to analyse chemical and molecular data.
Bachelor of Science in Bioinformatics,Biotech Data Visualisation Specialist,"Simply complex biological datasets into a clear structure, such as charts or graphs."
Bachelor of Science in Bioinformatics,Genetic Data Consultant,Perform genetic data analysis for personalised medicines or biotechnology.
Bachelor of Science in Biotechnology,Biotech Lab Technician,"Maintain laboratory equipment, assist in scientific experiments, and document results."
Bachelor of Science in Biotechnology,Quality Control Analyst,"Test biological products, monitor production process, and meet quality standards."
Bachelor of Science in Biotechnology,Agricultural Biotechnologist,Apply biotech methods to develop new crops and improve livestock.
Bachelor of Science in Biotechnology,Biotech Entrepreneur,"Identify and develop innovative products for healthcare, agriculture, and the environment."
Bachelor of Science in Biotechnology,Environmental Biotechnologist,Develop eco-friendly practices to address environmental problems using microbes.
Bachelor of Science in Biotechnology,Food Technologist,Work on improving food quality and nutritional value.
Bachelor of Science in Biotechnology,Fermentation Technologist,Manage industrial fermentation processes using bacteria and yeast.
Bachelor of Science in Biotechnology,Pharmaceutical Executive,Perform quality checks and support in clinical trials and drug development.
Bachelor of Science in Biotechnology,Research Associate,"Assist in research projects, perform experiments, and prepare reports."
Bachelor of Science in Forensic Science,Crime Scene Investigator,"Perform documentation, collection, and preservation of evidence at the crime scene."
Bachelor of Science in Forensic Science,Forensic Laboratory Assistant,"Prepare evidence and samples for analysis, maintain lab equipment, record scientific data, and assist researchers."
Bachelor of Science in Forensic Science,Fingerprint Analyst,Use forensic technology to examine and match fingerprint patterns.
Bachelor of Science in Forensic Science,Forensic Photographer,Capture high-quality images of crime scenes and evidence.
Bachelor of Science in Forensic Science,DNA Analyst,"Collect, analyse, and interpret DNS tests using scientific techniques."
Bachelor of Science in Forensic Science,Toxicology Lab Assistant,"Handle specimens, maintain instruments, and conduct tests to detect toxins or chemicals."
Bachelor of Science in Forensic Science,Document Examiner,"Analyse handwriting, signatures, and prepare comparison charts."
Bachelor of Science in Forensic Science,Bloodstain Pattern Analyst,Analyse blood patterns to reconstruct crime events.
Bachelor of Science in Forensic Science,Forensic Ballistics Trainee,"Analyse firearm-related evidence such as bullets, cartridge cases, and gunshot residue."
Bachelor of Science in Hotel Management,Front Office Executive,"Manage guest check-ins and check-outs, records, reservations, booking enquiries, and guest complaints"
Bachelor of Science in Hotel Management,Food & Beverage Executive,"Supervise daily dining operations, ensure hygiene and quality standards, and coordinate staff"
Bachelor of Science in Hotel Management,Chef / Culinary Professional,"Create new recipes, plan menus, track food inventory, and ensure food safety and quality standards"
Bachelor of Science in Hotel Management,Guest Relations Executive,"Maintain positive guest relations, resolve queries or complaints, and ensure a personalized guest experience"
Bachelor of Science in Hotel Management,Housekeeping Executive,"Ensure cleanliness and hygiene, coordinate with the housekeeping department, and fix guest complaints quickly"
Bachelor of Science in Hotel Management,Hospitality Sales & Marketing Executive,"Conduct market research, identify new business opportunities, prepare marketing campaigns, and manage online promotions and digital marketing activities"
Bachelor of Science in Hotel Management,Event & Banquet Coordinator,"Plan and organize weddings, parties, conferences, and corporate events"
Bachelor of Science in Hotel Management,Resort Operations Executive,"Manage day-to-day resort operations, coordinate guest services, monitor cleanliness & quality standards, and ensure a positive guest experience"
Bachelor of Science in Hotel Management,Cruise Line Hospitality Executive,"Coordinate day-to-day hospitality services, manage culinary teams, resolve passenger complaints, and ensure hygiene and safety standards"
Bachelor of Science in Microbiology,Clinical Microbiologist,Develop methods to detect microorganisms that cause human diseases.
Bachelor of Science in Microbiology,Food Microbiologist,Identify food-borne pathogens and ensure the safety and quality of food products.
Bachelor of Science in Microbiology,Industrial Microbiologist,"Develop vaccines, antibiotics, and food products using microbial processes."
Bachelor of Science in Microbiology,Research Associate in Microbiology,"Perform lab experiments on bacteria, viruses, and fungi."
Bachelor of Science in Microbiology,Pharmaceutical Microbiologist,Develop microbiological testing methods for drugs and vaccines.
Bachelor of Science in Microbiology,Public Health Microbiologist,Study and identify harmful microorganisms to control and prevent public health hazards.
Bachelor of Science in Microbiology,Environmental Microbiologist,"Investigate microorganisms in environments like air, soil, and water."
Bachelor of Science in Microbiology,Agricultural Microbiologist,Research microorganisms to develop sustainable farming practices.
Bachelor of Science in Microbiology,Fermentation Specialist,"Use microbial processes in the fermentation for food, medicines, and beverages industries."
"Bachelor of Science in Physics, Chemistry and Mathematics",Scientific Content Writer,Convert complex scientific information into easily understood content.
"Bachelor of Science in Physics, Chemistry and Mathematics",Theoretical Physicist,Use mathematical models and conduct theoretical research to explain physical phenomena.
"Bachelor of Science in Physics, Chemistry and Mathematics",Environmental Analyst,Study environmental samples to improve resource management and sustainability.
"Bachelor of Science in Physics, Chemistry and Mathematics",Meteorologist,Analyse weather and climate change by using scientific models and forecast patterns.
"Bachelor of Science in Physics, Chemistry and Mathematics",Radiation Safety Officer,Develop and oversee safety protocols and monitor radiation levels.
"Bachelor of Science in Physics, Chemistry and Mathematics",Statistician,"Collect, analyse, and interpret complex data to identify trends and patterns and develop reports."
"Bachelor of Science in Physics, Chemistry and Mathematics",Geophysicist,Use advanced scientific techniques to study Earth’s physical properties.
"Bachelor of Science in Physics, Chemistry and Mathematics",Biostatistician,"Use statistical and mathematical methods to solve problems in public health, medicine, and biology."
"Bachelor of Science in Physics, Chemistry and Mathematics",Materials Scientist,"Research and develop new materials for industries like healthcare, energy, and aerospace."
Bachelor of Science in Yoga,Yoga Instructor,Conduct beginner yoga sessions for individuals or small groups.
Bachelor of Science in Yoga,Wellness Centre Trainer,Design basic yoga routines or personalised yoga sessions for clients.
Bachelor of Science in Yoga,Lifestyle Coach,"Encourage a balanced lifestyle through yoga, diet, and self-care."
Bachelor of Science in Yoga,Fitness Studio Instructor,Plan and schedule yoga classes in fitness studios and gyms for beginners.
Bachelor of Science in Yoga,Meditation Facilitator,Conduct beginner meditation classes and breathing exercises for groups.
Bachelor of Science in Yoga,Health & Wellness Blogger,"Write blogs on different platforms on yoga techniques, benefits, stress management, and healthy lifestyles."
Bachelor of Science in Yoga,Yoga Equipment Specialist,"Assist clients in choosing different yoga equipment, like mats and props."
Bachelor of Science in Yoga,Assistant Rehabilitation Trainer,Work with hospitals and rehab centres and support patients in their recovery.
Bachelor of Science in Yoga,Yoga Content Creator,Create tutorial videos and share tips on mindful yoga practices.
"Bachelor of Science in Zoology, Botany, Chemistry",Laboratory Technician,"Handle lab equipment, assist in lab tests, analyse results, and prepare reports."
"Bachelor of Science in Zoology, Botany, Chemistry",Clinical Research Associate,Work with pharma teams and check the effectiveness of drugs.
"Bachelor of Science in Zoology, Botany, Chemistry",Plant Biotechnologist,Use biotech techniques to develop sustainable agriculture solutions.
"Bachelor of Science in Zoology, Botany, Chemistry",Chemical Quality Analyst,Test raw materials and chemical compositions to ensure quality standards.
"Bachelor of Science in Zoology, Botany, Chemistry",Water Quality Analyst,Test and monitor water samples and develop purification solutions.
"Bachelor of Science in Zoology, Botany, Chemistry",Genetics Lab Assistant,Support researchers with genetic research and DNA testing.
"Bachelor of Science in Zoology, Botany, Chemistry",Botanical Surveyor,Work on biodiversity mapping and discover new plant varieties.
"Bachelor of Science in Zoology, Botany, Chemistry",Food Quality Controller,Check food products for safety and nutritional standards.
"Bachelor of Science in Zoology, Botany, Chemistry",Zoological Assistant,Assist zoologists in studying animal behaviour and maintain wildlife records.
Bachelor of Social Work (With PSC Coaching),Community Outreach Coordinator,"Connect with people through events and campaigns, and promote awareness."
Bachelor of Social Work (With PSC Coaching),Social Work Assistant,"Support in welfare programs through client interaction, follow-up, and record-keeping activities."
Bachelor of Social Work (With PSC Coaching),Social Services Administrative Assistant,"Manage appointments and communications, organise files, and prepare reports."
Bachelor of Social Work (With PSC Coaching),Youth Program Facilitator,Plan and organise skill-building and other learning activities for children and youth.
Bachelor of Social Work (With PSC Coaching),Rehabilitation Support Worker,Support healthcare and community teams in facilitating resources and services.
Bachelor of Social Work (With PSC Coaching),Community Development Officer,Promote active citizen involvement and improve facilities and resources.
Bachelor of Social Work (With PSC Coaching),Women’s Welfare Officer,Plan and evaluate government schemes for women's welfare.
Bachelor of Social Work (With PSC Coaching),Public Health Officer,Promote community health awareness and address public health concerns.
Bachelor of Social Work (With PSC Coaching),Tribal Welfare Officer,"Ensure tribal people get proper healthcare, education, and livelihood."
Bachelor of Technology CS in AI & ML [In Collaboration with IBM],Machine Learning Engineer,Design algorithms and create intelligent automation solutions.
Bachelor of Technology CS in AI & ML [In Collaboration with IBM],Data Scientist,"Work with large data sets, develop predictive models, and provide insights to businesses"
Bachelor of Technology CS in AI & ML [In Collaboration with IBM],Deep Learning Engineer,"Create and improve models for voice recognition, image recognition, computer vision, etc."
Bachelor of Technology CS in AI & ML [In Collaboration with IBM],Natural Language Processing (NLP) Engineer,Develop chatbots and translation tools for human-machine communication.
Bachelor of Technology CS in AI & ML [In Collaboration with IBM],AI Solutions Architect,Develop AI-powered solutions for enterprises and ensure they align with their objectives.
Bachelor of Technology CS in AI & ML [In Collaboration with IBM],AI Ethics Specialist,"Ensure AI applications are designed, developed, and deployed responsibly."
Bachelor of Technology CS in AI & ML [In Collaboration with IBM],AI Product Manager,Perform research in AI and industry-specific trends.
Bachelor of Technology CS in AI & ML [In Collaboration with IBM],Robotics AI Engineer,"Design, build, install, and maintain robotic systems that use AI."
Bachelor of Technology CS in AI & ML [In Collaboration with IBM],AI Business Consultant,Understand the company’s needs and determine how AI can serve them best.
Bachelor of Technology in Civil Engineering,Structural Engineer,"Design buildings, bridges, and towers, and ensure their strength and safety."
Bachelor of Technology in Civil Engineering,Construction Project Manager,"Plan, monitor, and manage on-site construction projects and deliver them on time."
Bachelor of Technology in Civil Engineering,Transportation Engineer,Design sustainable transportation networks and mobility solutions for smart cities.
Bachelor of Technology in Civil Engineering,Geotechnical Engineer,Analyse the behaviour of Earth materials (soil and rock) and their interaction with structures.
Bachelor of Technology in Civil Engineering,Environmental Engineer,Come up with new and innovative solutions to environmental challenges related to construction and infrastructure.
Bachelor of Technology in Civil Engineering,Urban Planning Engineer,"Design modern, sustainable, and smart cities, and create long-term infrastructure development plans."
Bachelor of Technology in Civil Engineering,Surveying Engineer,Use modern tools for land mapping and check the accuracy in the construction site layout.
Bachelor of Technology in Civil Engineering,Highway and Pavement Engineer,Use smart road materials and design durable road and pavement systems.
Bachelor of Technology in Civil Engineering,Airport and Railway Infrastructure Engineer,Plan and design airport terminals and develop modern railway tracks.
Bachelor of Technology in Computer Science Engineering,Software Developer,"Understand clients’ needs, write code, and collaborate with teams to deliver a proper and functional software solution."
Bachelor of Technology in Computer Science Engineering,Web Developer,"Work on front-end and back-end, and develop interactive and responsive websites"
Bachelor of Technology in Computer Science Engineering,Mobile App Developer,Design engaging and scalable mobile applications for Android and iOS.
Bachelor of Technology in Computer Science Engineering,Cloud Engineer,Ensure a smooth migration of data from computer systems to the cloud.
Bachelor of Technology in Computer Science Engineering,Cybersecurity Specialist,Protect networks and systems from digital threats by implementing firewalls and encryption.
Bachelor of Technology in Computer Science Engineering,UI/UX Designer,Design user interfaces and experiences for websites and applications.
Bachelor of Technology in Computer Science Engineering,Game Developer,Design 2D/3D gaming experiences by implementing visual effects and optimising graphic performance.
Bachelor of Technology in Computer Science Engineering,System Analyst,Analyse systems of IT companies for better performance.
Bachelor of Technology in Computer Science Engineering,Blockchain Developer,"Design, develop, and implement blockchain-based systems and applications."
Bachelor of Technology in Electrical Engineering,Electrical Design Engineer,Design and develop different electrical systems and components for industrial and commercial projects.
Bachelor of Technology in Electrical Engineering,Control Systems Engineer,Develop systems to regulate processes in industries.
Bachelor of Technology in Electrical Engineering,Power Systems Engineer,Design and maintain electrical power generation and distribution systems.
Bachelor of Technology in Electrical Engineering,Renewable Energy Engineer,"Develop solar, wind, and hydroelectric systems."
Bachelor of Technology in Electrical Engineering,Electric Vehicle Engineer,Work on battery technology and performance management for electric vehicles.
Bachelor of Technology in Electrical Engineering,Lighting Engineer,Work on designing and maintaining indoor and outdoor lighting systems.
Bachelor of Technology in Electrical Engineering,Electrical Consultant,Advise industries and organisations on large electrical projects and develop customised plans accordingly.
Bachelor of Technology in Electrical Engineering,Testing and Quality Engineer,"Ensure the reliability of electrical systems and components, and work on quality standards"
Bachelor of Technology in Electrical Engineering,Project Engineer,"Manage and coordinate in the design, procurement, and installation of different electrical projects."
Bachelor of Technology in Mechanical Engineering,Design Engineer,Develop innovative product designs using CAD tools.
Bachelor of Technology in Mechanical Engineering,Quality Control Engineer,Inspect products to ensure safety and quality standards.
Bachelor of Technology in Mechanical Engineering,Maintenance Engineer,"Perform routine maintenance, troubleshooting, and repairs of mechanical systems."
Bachelor of Technology in Mechanical Engineering,Automotive Engineer,"Work on innovative vehicle design, testing, and manufacturing of automobile systems."
Bachelor of Technology in Mechanical Engineering,Materials Engineer,"Select, develop, and test materials of mechanical systems to ensure durability and strength."
Bachelor of Technology in Mechanical Engineering,Energy Systems Engineer,Optimise and develop sustainable energy solutions and manage energy distribution networks.
Bachelor of Technology in Mechanical Engineering,Industrial Engineer,Improve the workflows and productivity of machines and mechanical systems.
Bachelor of Technology in Mechanical Engineering,Power Plant Engineer,"Monitor turbines, generators, and boilers, and ensure safer powerplant operations."
Bachelor of Technology in Mechanical Engineering,Thermal Engineer,"Monitor heating, cooling, and energy transfer systems, and work on thermal designs."
Diploma in Civil Engineering,Survey Technician,Operate GPS and assist in land mapping and surveying for projects.
Diploma in Civil Engineering,Quality Control Technician,Test construction materials and ensure they meet quality standards.
Diploma in Civil Engineering,Building Technician,Assist in the construction of commercial and residential buildings.
Diploma in Civil Engineering,Highway Construction Technician,"Support engineers with planning, designing, constructing, and maintaining highways."
Diploma in Civil Engineering,Construction Safety Supervisor,Implement safety rules and regulations and conduct inspections.
Diploma in Civil Engineering,Soil Testing Technician,Collect soil samples for lab test and prepare reports.
Diploma in Civil Engineering,Material Testing Technician,"Test asphalt samples, concrete, and steel, and record quality checks."
Diploma in Civil Engineering,Concrete Technician,Ensure the quality and compliance of concrete used in construction projects.
Diploma in Civil Engineering,Road Survey Technician,Ensure accurate measurement and documentation of road alignment and level surveys.
Diploma in Computer Applications,Computer Operator,Manage day-to-day tasks and ensure the smooth functioning of computer systems.
Diploma in Computer Applications,Data Entry Operator,Manage large datasets and organise them with accuracy.
Diploma in Computer Applications,IT Support Assistant,Provide technical support by resolving software and hardware issues.
Diploma in Computer Applications,Social Media Assistant,"Manage social media pages, prepare content calendar, and increase post engagement."
Diploma in Computer Applications,Digital Marketing Assistant,"Handle SEO, email marketing, social media marketing, and paid ads for a business."
Diploma in Computer Applications,E-Commerce Executive,"Update product listing, inventories, and pricing on online platforms."
Diploma in Computer Applications,IT Sales Coordinator,"Streamline sales processes, ensure smooth coordination, and achieve sales targets."
Diploma in Computer Applications,Computer Lab Assistant,Provide technical support and assistance to users of the computer lab.
Diploma in Computer Applications,Email and Chat Support Executive,Respond to customer queries via email and different chat platforms.
Diploma in Computer Science Engineering,Computer Hardware Technician,Install and repair various computer hardware components.
Diploma in Computer Science Engineering,IT Support Technician,Troubleshoot computer systems and provide on-site and remote IT support.
Diploma in Computer Science Engineering,Web Designer,Create a visually appealing website layout using modern tools.
Diploma in Computer Science Engineering,Junior Software Developer,Assist in coding and testing applications and support development teams.
Diploma in Computer Science Engineering,Database Assistant,Support in database administration tasks like data entry or troubleshooting errors.
Diploma in Computer Science Engineering,Junior Web Developer,Assist in building and maintaining different websites and applications.
Diploma in Computer Science Engineering,Technical Support Executive,Troubleshoot customer queries and support businesses with tech-related issues.
Diploma in Computer Science Engineering,Cloud Support Technician,Assist in cloud data storage and backup.
Diploma in Computer Science Engineering,Computer Operator,"Perform data entry, system backups, and ensure a smooth process of daily IT operations."
Diploma in Electrical Engineering,Electrical Technician,"Perform installation, maintenance, and repair of electrical systems."
Diploma in Electrical Engineering,Maintenance Supervisor,Manage maintenance schedules of electrical machines and manage teams who perform day-to-day repairs.
Diploma in Electrical Engineering,Industrial/Commercial Electrician,"Install, maintain, and troubleshoot electrical wiring in factories or buildings."
Diploma in Electrical Engineering,Power Plant Technician,"Monitor and control turbines, panels, and generators in power plants."
Diploma in Electrical Engineering,Electrical Safety Technician,Check workplaces for safety compliance and conduct awareness training programs.
Diploma in Electrical Engineering,Transformer Maintenance Technician,"Perform duties like oil checks, cooling inspections, and insulation checks to ensure the proper functioning of transformers."
Diploma in Electrical Engineering,Cable Jointer,Install and repair overhead and underground power cables.
Diploma in Electrical Engineering,Energy Meter Technician,Install and monitor accurate meter readings and troubleshoot any faults.
Diploma in Electrical Engineering,Junior Electrical Engineer,"Support senior electrical engineers in designing, installing, and maintaining systems"
Diploma in Mechanical Engineering,Mechanical Technician,Assist engineers in operating and installing different mechanical systems.
Diploma in Mechanical Engineering,Maintenance Supervisor,Handle equipment repairs and ensure smooth machine operations.
Diploma in Mechanical Engineering,HVAC Technician,"Install, repair, and test heating, ventilation, and air conditioning systems."
Diploma in Mechanical Engineering,Automobile Service Supervisor,"Oversee service, repair, and maintenance work of different vehicles."
Diploma in Mechanical Engineering,Machine Operator,"Operate and manage different machine tools like drills, lathes, and milling machines."
Diploma in Mechanical Engineering,Power Plant Technician,"Maintain, troubleshoot, and optimise mechanical systems within a power plant."
Diploma in Mechanical Engineering,Foundry Technician,Work in casting and moulding of metal components.
Diploma in Mechanical Engineering,Assembly Line Supervisor,Oversee the assembly process of mechanical components and ensure continuous improvement of the assembly line.
Diploma in Mechanical Engineering,Field Service Technician,"Install, maintain, and repair mechanical systems or equipment at client sites."
Diploma in Mining Engineering,Mine Surveyor,Assist in surveying mines to prepare a layout for mining operations.
Diploma in Mining Engineering,Mining Technician,Provide technical support in day-to-day mining operations and handle machinery and tools.
Diploma in Mining Engineering,Mine Safety Assistant,Monitor safety protocols at mines and work under the guidance of supervisors.
Diploma in Mining Engineering,Underground Mine Assistant,Assist in underground mining operations and material and equipment handling.
Diploma in Mining Engineering,Mine Machinery Maintenance Technician,Assist in the repair and servicing of heavy mining equipment.
Diploma in Mining Engineering,Geological Assistant,Support geologists in collecting soil and rock samples for further testing.
Diploma in Mining Engineering,Environmental Assistant,Support in eco-friendly mining practices and prepare environmental compliance reports.
Diploma in Mining Engineering,Mine Transport Assistant,Support and supervise the transportation of raw materials and minerals.
Diploma in Mining Engineering,Mining Laboratory Technician,"Test different rock, soil, and mineral samples."
Diploma in Pharmacy,Retail Pharmacy Assistant,"Assist in day-to-day operations like inventory management, billing, and customer support."
Diploma in Pharmacy,Drug Inventory Coordinator,"Manage drug storage, labelling, temperature control, expiration tracking, and coordination with suppliers."
Diploma in Pharmacy,Pharmacy Billing Executive,"Prepare invoices, handle billing inquiries, and manage accounts receivable."
Diploma in Pharmacy,Medical Store Supervisor,"Manage inventories, monitor staff performance, handle complaints, and ensure compliance with healthcare guidelines."
Diploma in Pharmacy,Pharma Logistics Executive,"Oversee storage, transportation, and distribution of pharmaceutical products."
Diploma in Pharmacy,Data Entry Assistant,Record prescriptions into management software and alert teams on low stock levels.
Diploma in Pharmacy,Rural Health Pharmacy Volunteer,Distribute basic medicines in health camps and educate villagers on safe usage of drugs.
Diploma in Pharmacy,OT Drug Assistant,Assist surgical teams with drug requirements and surgical medicines.
Diploma in Pharmacy,Veterinary Pharmacy Assistant,Dispense veterinary medicines as prescribed by the animal doctors.
Diploma in Yoga,Yoga Trainer,Teach beginner yoga postures and breathing techniques to individuals or groups.
Diploma in Yoga,Wellness Centre Assistant,"Plan and manage yoga programs for resorts, health clubs, and spas."
Diploma in Yoga,Fitness Studio Instructor,Plan and schedule yoga classes in fitness studios and gyms for beginners.
Diploma in Yoga,Yoga Content Creator,Create tutorial videos and share tips on mindful yoga practices.
Diploma in Yoga,Children’s Yoga Instructor,Teach yoga to school children in a fun and joyful manner.
Diploma in Yoga,Yoga Event Coordinator,Collaborate with instructors and plan and manage workshops and sessions.
Diploma in Yoga,Senior Citizen Yoga Trainer,Teach customised yoga and meditation to older people to maintain their health and fitness.
Diploma in Yoga,Retreat Yoga Instructor,Conduct yoga classes in spiritual and wellness retreats.
Diploma in Yoga,Prenatal Yoga Instructor,Conduct safe yoga sessions for expecting mothers.
Doctor of Pharmacy,Clinical Pharmacokinetics Expert,Identify the movement of drugs in the body and customise drug dosages.
Doctor of Pharmacy,ICU Medication Specialist,Monitor and adjust complex drug therapies for critically ill patients.
Doctor of Pharmacy,Oncology Pharmacist,"Manage cancer patients with chemotherapy, medications, side effects, and counselling"
Doctor of Pharmacy,Medication Reconciliation Officer,Verify patients’ medication history and create an accurate medication list across departments.
Doctor of Pharmacy,Transplant Pharmacist,Optimise medications from pre-transplant evaluation to post-transplant care.
Doctor of Pharmacy,Cardiology Pharmacist,"Manage anticoagulation therapy, drug selection, and heart failure medications for cardiac patients."
Doctor of Pharmacy,Geriatric Pharmacist,Optimise the medication plans of elderly patients with multiple health conditions.
Doctor of Pharmacy,Pediatric Pharmacist,Monitor drug interaction in children and adjust therapies accordingly.
Doctor of Pharmacy,Clinical Audit Coordinator,"Conduct audits on drug usage in clinics and hospitals, and provide suggestions for improvements."
Master of Animation & Visual Effects,3D Animator,"Create 3D space, characters, and objects using advanced animation techniques."
Master of Animation & Visual Effects,VFX Supervisor,Lead creative and technical teams to ensure visual effects are seamlessly integrated into projects.
Master of Animation & Visual Effects,Virtual Production Specialist,Bridge the gap between physical and digital elements in television and film production.
Master of Animation & Visual Effects,Animation Director,Lead animation projects and check the overall quality and vision of the animation.
Master of Animation & Visual Effects,Cinematic VFX Artist,Design and integrate digital effects into live-action footage.
Master of Animation & Visual Effects,Animation Educator and Trainer,Prepare curriculum and teach advanced animation and VFX techniques.
Master of Animation & Visual Effects,Advanced Compositing Artist,"Integrate visual elements like live-action footage, special effects, and 3D models to create the final shot."
Master of Animation & Visual Effects,Facial Animation Specialist,"Create realistic facial movements for characters in films, television, or video games."
Master of Animation & Visual Effects,Technical Animation Consultant,Ensure smooth integration of animations and troubleshoot issues.
Master of Arts (With PSC Coaching),Research Assistant,Support the faculty with academic research work and prepare reports and presentations.
Master of Arts (With PSC Coaching),Cultural Program Coordinator,"Organise and manage cultural events, exhibitions, and campaigns."
Master of Arts (With PSC Coaching),NGO Project Manager,"Ensure smooth execution of projects and campaigns, and facilitate resources."
Master of Arts (With PSC Coaching),Community Engagement Officer,Manage social programs and ensure the organisation’s work aligns with community needs.
Master of Arts (With PSC Coaching),Public Relations Assistant,"Prepare press release and promotional materials, and manage social media campaigns."
Master of Arts (With PSC Coaching),Social Welfare Officer,Monitor social welfare programs and manage various government-related schemes.
Master of Arts (With PSC Coaching),Public Relations Officer,"Address public issues, manage media interaction, and maintain positive relationships with the public."
Master of Arts (With PSC Coaching),Education Welfare Officer,Support inclusive educational programs and ensure that underprivileged students have access to education.
Master of Arts (With PSC Coaching),Academic Content Writer,"Prepare content for academic materials, curriculum, and online learning platforms."
Master of Arts in Education,University Lecturer,"Develop course material, deliver lectures and seminars, and assess students’ assignments and projects."
Master of Arts in Education,Curriculum Developer,Plan lessons and educational programs that meet learning goals and standards.
Master of Arts in Education,Educational Policy Analyst,"Research, evaluate, and develop educational policies by identifying issues."
Master of Arts in Education,School Principal,"Oversee school operations, implement educational policies, and support an inclusive learning environment."
Master of Arts in Education,Education Consultant,Provide improvement strategies and support schools and universities in achieving educational goals.
Master of Arts in Education,Teacher Trainer,Develop training programs and conduct workshops to improve the skills and knowledge of teachers.
Master of Arts in Education,Education Researcher,Investigate teaching and learning practices to improve teaching methods and overall learning experience.
Master of Arts in Education,Textbook Author,Write and edit educational books and other study materials for schools and colleges.
Master of Arts in Education,Education Program Evaluator,Evaluate educational programs and provide recommendations for improvement.
Master of Arts in Film Making [In Collaboration with Niira educom],Assistant Director,"Support the director with day-to-day operations, including tasks like scheduling, managing crew, streamlining tasks, and coordinating resources."
Master of Arts in Film Making [In Collaboration with Niira educom],Documentary Filmmaker,"Create non-fiction films to inform, educate, or entertain the audience by performing tasks like research, filming, editing, and marketing."
Master of Arts in Film Making [In Collaboration with Niira educom],Casting Director,"Perform the hiring of actors for films, television, theatre, or commercials by conducting auditions."
Master of Arts in Film Making [In Collaboration with Niira educom],Lighting Designer,Select and implement lighting plans for different settings and integrate lighting into designs.
Master of Arts in Film Making [In Collaboration with Niira educom],Post-Production Supervisor,"Ensure the final product meets the required standards, timeline, and budget for film and television."
Master of Arts in Film Making [In Collaboration with Niira educom],Sound Mixer,"Record high-quality sound using recording equipment, microphones, and mixing boards."
Master of Arts in Film Making [In Collaboration with Niira educom],Screenwriter,Prepare compelling and engaging stories for visual media that grab the audience's attention.
Master of Arts in Film Making [In Collaboration with Niira educom],Film Editor,"Assemble raw footage, work with directors and post-production team members, and produce a final product."
Master of Arts in Film Making [In Collaboration with Niira educom],Visual Effects (VFX) Artist,"Integrate special visual effects or a digitally-generated image into live action in films, television, or commercials."
Master of Arts in Journalism and Mass Communication with PSC Coaching,TV News Anchor,"Present new stories, host programs, and deliver breaking news using an engaging tone."
Master of Arts in Journalism and Mass Communication with PSC Coaching,Radio Jockey (RJ),"Discuss trending topics, host radio shows, engage with listeners in calls and messages, and interview guests."
Master of Arts in Journalism and Mass Communication with PSC Coaching,News Reporter,"Present news bulletins live, present breaking news, conduct interviews, and deliver timely news."
Master of Arts in Journalism and Mass Communication with PSC Coaching,Public Relations Officer,Manage an organisation’s public image through strategic communication with media or other stakeholders.
Master of Arts in Journalism and Mass Communication with PSC Coaching,Copywriter,"Prepare ad copies using catchy slogans, brand messages, and actionable words in print media, TV, or digital campaigns."
Master of Arts in Journalism and Mass Communication with PSC Coaching,Corporate Communications Specialist,"Arrange interviews, manage media relations, create and edit press releases and newsletters, and organise events and conferences."
Master of Arts in Journalism and Mass Communication with PSC Coaching,Communication Trainer,Provide customised training to individuals or groups in public speaking skills and media handling.
Master of Arts in Journalism and Mass Communication with PSC Coaching,Press Secretary,"Organise press conference, handle press interactions for government officials, and prepare speeches."
Master of Arts in Journalism and Mass Communication with PSC Coaching,Documentation Specialist,Prepare annual reports and public documents for organisations or government departments.
Master of Arts in Physical Education,PE Lecturer at the University,Guide students with theoretical and practical knowledge of sports and wellness.
Master of Arts in Physical Education,Exercise Physiologist,Provide customised exercise programs and guidance on safe and effective exercise techniques.
Master of Arts in Physical Education,Athletic Performance Analyst,Help athletes and coaches improve performance by gathering data to optimise game strategies.
Master of Arts in Physical Education,Sports Centre Manager,"Manage staff, schedule events, maintain inventory and facilities, financial performance, and improve customer satisfaction."
Master of Arts in Physical Education,Rehabilitation Exercise Specialist,"Help individuals recover from illness, injury, or a chronic condition by planning and implementing exercise routines."
Master of Arts in Physical Education,Sports Development Officer,Plan and organise sports programs and events to encourage active sports participation.
Master of Arts in Physical Education,Athletics Coach,"Design training programs, prepare teaching techniques, analyse performance, and motivate athletes."
Master of Arts in Physical Education,Sports Event Manager,"Plan and organise sports events by taking care of budget, logistics, marketing, and on-site management work."
Master of Arts in Physical Education,Research Scholar in PE,"Investigate different sports, physical activities, movements, policies and practices."
Master Of Business Administration,Business Development Executive,Identify new business opportunities and generate leads.
Master Of Business Administration,Marketing Manager,Plan marketing campaigns and identify promotional strategies.
Master Of Business Administration,Operations Manager,Monitor day-to-day operations and ensure compliance with the standards.
Master Of Business Administration,Procurement Manager,Monitor inventory levels and manage vendor contracts.
Master Of Business Administration,Accounts Manager,Manage client portfolios and assist in financial planning.
Master Of Business Administration,Product Development Associate,Assist in market research and work closely with design and tech teams.
Master Of Business Administration,HR Associate,Schedule interviews and maintain records of employees.
Master Of Business Administration,Project Coordinator,Coordinate with teams and track project progress.
Master Of Business Administration,Customer Experience Manager,Monitor customer feedback and prepare initiatives for a positive customer experience.
Master Of Commerce,Financial Analyst,Identify investment opportunities and prepare performance reports.
Master Of Commerce,Tax Consultant,Prepare and file ITRs and assist clients with tax planning.
Master Of Commerce,Corporate Accountant,Manage company books and draft financial summaries.
Master Of Commerce,Investment Advisor,Prepare personalised investment plans and guide clients on potential risks and returns.
Master Of Commerce,Budget Analyst,Support departments with budget planning and prepare a detailed budget comparison report.
Master Of Commerce,Risk Management Associate,Identify potential risks and create mitigation strategies and reports.
Master Of Commerce,GST Specialist,"Assist businesses with GST registrations, filings, and reconciliations."
Master Of Commerce,Mutual Fund Advisor,Develop customised portfolio plans that match clients’ financial needs.
Master Of Commerce,Compliance Officer,Help companies stay aligned with their regulations and identify scope for improvements.
Master of Computer Applications,Software Development Engineer,"Design, develop, and maintain software applications and provide ongoing support."
Master of Computer Applications,Web Application Engineer,Understand user needs and create responsive websites for businesses.
Master of Computer Applications,DevOps Engineer,Bridge the gap between software development and IT operations.
Master of Computer Applications,Systems Architect,Design and oversee the architecture of complex hardware and software systems.
Master of Computer Applications,Database Administrator,"Manage, secure, and maintain an organisation’s database and support with business needs."
Master of Computer Applications,IT Project Manager,"Plan, execute, and deliver technology-related projects for a company."
Master of Computer Applications,Game Developer,"Perform tasks like programming, designing, and testing the final product."
Master of Computer Applications,IT Consultant,Guide companies on how to leverage technologies to achieve goals faster.
Master of Computer Applications,Product Manager,"Define product vision, strategy, and roadmap, and manage the entire product lifecycle."
Master of Computer Science in AI & ML and Cybersecurity,Lead AI Architect,Oversee the AI framework of companies and implement new solutions.
Master of Computer Science in AI & ML and Cybersecurity,Senior Machine Learning Engineer,"Analyse large datasets, lead projects, and optimise algorithms."
Master of Computer Science in AI & ML and Cybersecurity,Cybersecurity Solutions Architect,"Design, implement, and manage cybersecurity architectures and frameworks."
Master of Computer Science in AI & ML and Cybersecurity,AI Research Scientist,"Explore new AI techniques, develop algorithms, and conduct advanced research."
Master of Computer Science in AI & ML and Cybersecurity,AI Ethics and Policy Advisor,Bridge the gap between AI systems and societal values and promote ethical outcomes.
Master of Computer Science in AI & ML and Cybersecurity,Blockchain Security Specialist,Develop strategies to protect blockchain infrastructure and secure applications.
Master of Computer Science in AI & ML and Cybersecurity,Cybersecurity Researcher,"Identify, analyse, and mitigate potential security threats in systems."
Master of Computer Science in AI & ML and Cybersecurity,AI Solutions Strategist,Understand business objectives and recommend AI solutions.
Master of Computer Science in AI & ML and Cybersecurity,Advanced Robotics Engineer,Design robotic components and systems and solve complex problems.
Master of Data Science,Data Scientist,Use different technical skills to prepare actionable reports from data for effective business decisions.
Master of Data Science,Big Data Engineer,Build big data pipelines and manage and analyse large data sets.
Master of Data Science,Business Intelligence Analyst,Use analytical tools to convert business data into actionable insights.
Master of Data Science,AI Data Strategist,Prepare strategies and bridge the gap between business objectives and AI solutions.
Master of Data Science,Data Visualisation Expert,Turn complex data into simple and interactive using visually appealing representations.
Master of Data Science,Cloud Data Engineer,Design scalable and high-performing cloud data solutions.
Master of Data Science,Statistical Modeler,Use mathematical modelling and build predictive and descriptive models.
Master of Data Science,IoT Data Analyst,"Collect, analyse, and interpret data from IoT sensors and other IoT devices."
Master of Data Science,Data Ethics Specialist,"Ensure data collection, storage, and analysis practices align with ethical principles."
Master of Fashion Design,Fashion Designer,"Brainstorm unique ideas, create sketches, and create designs for clothing, footwear, and accessories."
Master of Fashion Design,Creative Director,Lead the design team and create a vision behind top fashion brands.
Master of Fashion Design,Luxury Brand Manager,"Design marketing plans for high-end footwear, apparel, and accessories."
Master of Fashion Design,Fashion Illustrator,Bring the designer's vision to life through detailed illustrations that represent ideas and concepts.
Master of Fashion Design,Textile Designer,Design high-quality fabrics with patterns and textures for premium apparel.
Master of Fashion Design,Fashion Stylist,"Create signature looks for brands, influencers, and celebrities by focusing on the trend."
Master of Fashion Design,Luxury Product Designer,"Bring unique concepts in accessories, shoes, and handbags for top fashion labels."
Master of Fashion Design,Fashion Content Creator,"Create high-quality and engaging vlogs, blogs, and social media posts."
Master of Fashion Design,Fashion PR & Media Manager,Manage celebrity interaction and promotional activities with the media.
Master of Interior Design,Interior Design Consultant,"Consult with clients, manage project timeline, select appropriate colour schemes, and create stunning interior designs."
Master of Interior Design,Sustainability Design Specialist,Integrate eco-friendly designs into modern interior spaces.
Master of Interior Design,Urban Interior Designer,Bring smart and modern interior solutions for urban residential spaces.
Master of Interior Design,Interior Project Manager,"Plan design, budget, and timeline, manage client relationships, and coordinate with team members."
Master of Interior Design,Luxury Space Designer,Create sophisticated design plans using exclusive materials for residential and commercial spaces.
Master of Interior Design,Workspace Strategist,Recommend and design innovative office interiors that improve working efficiency.
Master of Interior Design,Set and Stage Designer,"Design sets for TV shows, films, or theatre productions, and bring creative visions to life."
Master of Interior Design,Furniture Systems Designer,Create multifunctional and innovative furniture solutions using tools and software.
Master of Interior Design,Colour and Material Specialist,Select colours and materials that define spatial aesthetics.
Master of Law [Dual Specialisation],Cyber Crime Policy Analyst,Design new-age cyber law policies and help the government tackle digital threats.
Master of Law [Dual Specialisation],IPR Litigation Expert,"Advocate for clients in court on copyright issues, trademarks, or IP violations."
Master of Law [Dual Specialisation],International Trade Law Specialist,Assist in cross-border trade agreements and handle tariff-related disputes.
Master of Law [Dual Specialisation],Digital Forensics Legal Consultant,Advise law firms about the legal validation of electronic data and assist in cybercrime cases.
Master of Law [Dual Specialisation],Public Law Litigation Strategist,Examine public policy disputes & frame legal solutions to protect citizen rights.
Master of Law [Dual Specialisation],Patent Drafting & Filing Specialist,Prepare legal documents of technical innovations for IP protection.
Master of Law [Dual Specialisation],Legal Reforms Analyst,Prepare and suggest amendments to the reforms according to modern legal systems.
Master of Law [Dual Specialisation],Industrial Relations Legal Specialist,Ensure legal compliance in manufacturing units and factories.
Master of Law [Dual Specialisation],Law & Ethics Compliance Coach,Guide individuals and organisations in adhering to ethical standards and codes of conduct.
Master of Library & Information Science,Chief Librarian,"Manage entire library operations, including policy planning and resource management."
Master of Library & Information Science,Digital Library Manager,"Design and manage e-library infrastructure, select technologies, and implement policies."
Master of Library & Information Science,Knowledge Management Specialist,"Develop strategies to organise, collect, and share institutional information."
Master of Library & Information Science,Research Data Manager,Support researchers with structured and reliable datasets.
Master of Library & Information Science,Information Architect,Create seamless data structuring for smooth library navigation.
Master of Library & Information Science,Scholarly Communication Officer,"Support and promote the university’s research by becoming an expert in copyright, fair use, and author rights."
Master of Library & Information Science,Data Curation Specialist,Manage structured and unstructured data to facilitate high-quality research.
Master of Library & Information Science,Library Policy Analyst,"Research, analyse, and interpret complex data to improve the library policies and services."
Master of Library & Information Science,Digital Repository Manager,Oversee digital library collections and repository platform.
Master of Pharmacy,Formulation Scientist,Use innovative drug formulation techniques and maximise treatment outcomes.
Master of Pharmacy,Pharmacovigilance Officer,"Contribute towards early detection and prevention of diseases, and report drug-related risks."
Master of Pharmacy,Quality Assurance Executive,Implement quality protocols and monitor the manufacturing process.
Master of Pharmacy,Medical Science Liaison,Support clinical teams by preparing up-to-date scientific research data.
Master of Pharmacy,R&D Scientist,Conduct lab research and contribute to new product development.
Master of Pharmacy,Toxicologist,Perform experiments to determine safe dosage levels and their potential side effects.
Master of Pharmacy,Drug Safety Associate,Work with doctors and researchers and report problems patients face after taking medicines.
Master of Pharmacy,Pharmaceutical Consultant,Guide pharma companies on product improvement and drug laws.
Master of Pharmacy,Industrial Pharmacist,Manage bulk production processes and coordinate with different teams.
Master of Science,Research Scientist,"Perform experiments, analyse data, and discover new theories."
Master of Science,Quality Assurance Specialist,"Perform audits, develop quality policies, and train teams on quality measures."
Master of Science,Academic Researcher,"Design experiments, collect and analyse data, secure research funding, and publish research work."
Master of Science,Environmental Consultant,Identify environmental issues and guide organisations on sustainable practices.
Master of Science,Product Development Scientist,"Design, develop, and test new products and processes by identifying market needs."
Master of Science,Patent Analyst,"Evaluate and analyse inventions and innovations, and ensure they meet legal requirements."
Master of Science,Laboratory Manager,"Oversee daily laboratory operations and manage staff, budget, and supplies."
Master of Science,Policy Analyst,"Research, evaluate, and develop policies for organisations to solve problems."
Master of Science,Science Content Creator,"Plan, research, write, and edit scientific content for educational purposes."
Master of Science in Forensic Science,Forensic DNA Analyst,"Collect, analyse, and interpret DNA tests using scientific techniques."
Master of Science in Forensic Science,Crime Scene Reconstruction Expert,Recreate crime scenes using scientific methods and logical reasoning to understand the sequence of events.
Master of Science in Forensic Science,Forensic Toxicologist,"Analyse biological samples to detect and identify drugs, poisons, or other toxins."
Master of Science in Forensic Science,Digital Forensics Specialist,"Use specialised tools to collect, analyse, and preserve digital evidence."
Master of Science in Forensic Science,Cybercrime Investigator,"Investigate hacking cases, digital frauds, and online scams."
Master of Science in Forensic Science,Forensic Psychologist,Study criminal behaviour and assist investigators in understanding their motives.
Master of Science in Forensic Science,Wildlife Forensic Scientist,Apply forensic science to solve poaching and wildlife trafficking cases.
Master of Science in Forensic Science,Explosives Expert,Investigate explosions and bombings to trace their source and material.
Master of Science in Forensic Science,Forensic Entomologist,Use the insect life cycles to estimate the time of death.
Master of Science in Yoga,Wellness Consultant,"Prepare personalised wellness plans for clients that include diet, nutrition, fitness, and mental health management"
Master of Science in Yoga,Yoga Researcher,Conduct studies on the scientific benefits of yoga and its impact on physical and mental health.
Master of Science in Yoga,Yoga Therapist,"Apply personalised yoga techniques, including breathing exercises and postures for specific mental or physical health conditions."
Master of Science in Yoga,Yoga Rehabilitation Specialist,Work with hospitals and rehab centres and support patients in their recovery.
Master of Science in Yoga,Corporate Wellness Trainer,Design wellness plans and conduct yoga and stress-relief sessions.
Master of Science in Yoga,Sports Yoga Specialist,Work with athletes and design yoga-based fitness plans to improve their strength and flexibility.
Master of Science in Yoga,Yoga Psychologist,"Manage patients’ stress, anxiety, and depression through meditation and breathing practices."
Master of Science in Yoga,Yoga Teacher Trainer,Conduct workshops and training programs for aspiring yoga instructors.
Master of Science in Yoga,Public Health Yoga Specialist,Work with NGOs and the Government to promote yoga in their community.
Master of Social Work (With PSC Coaching),Social Welfare Officer,Plan and monitor government welfare programs or other social development projects.
Master of Social Work (With PSC Coaching),Rural Development Officer,"Plan and execute rural projects in health, agriculture, infrastructure, and livelihood."
Master of Social Work (With PSC Coaching),Panchayat Development Officer,"Coordinate between villagers and authorities, and support in developmental activities and government schemes."
Master of Social Work (With PSC Coaching),NGO Program Manager,"Supervise programs, manage program budget, and maintain strong relationships with stakeholders."
Master of Social Work (With PSC Coaching),Child Development Project Officer (CDPO),Supervise the operations of Anganwadi centres and monitor child welfare initiatives.
Master of Social Work (With PSC Coaching),Labour Welfare Officer,Ensure fair working conditions and monitor welfare initiatives for employees.
Master of Social Work (With PSC Coaching),Disaster Management Officer,Develop rehabilitation strategies and coordinate programs in case of an emergency.
Master of Social Work (With PSC Coaching),Policy Analyst,Research and evaluate public welfare policies and recommend improvements.
Master of Social Work (With PSC Coaching),Tribal Development Officer,"Ensure the tribal population gets access to essential amenities like healthcare, education, and livelihood."
Master of Technology in Civil Engineering,Structural Design Researcher,"Research new materials, construction techniques, and structural behaviour, and improve the methods of designing structures."
Master of Technology in Civil Engineering,Geotechnical Research Scientist,Study soil-structure interaction for mega project work and develop innovative solutions.
Master of Technology in Civil Engineering,Transportation Systems Specialist,Develop intelligent infrastructure solutions for smart transport and traffic management.
Master of Technology in Civil Engineering,Earthquake Engineering Specialist,Design earthquake-resistant structures to minimise damage and ensure safety.
Master of Technology in Civil Engineering,Bridge Design Specialist,"Work on durability and safety, and develop long-span bridge structures."
Master of Technology in Civil Engineering,Advanced Materials Researcher,Research on nanomaterials and composites for construction.
Master of Technology in Civil Engineering,Heritage Conservation Specialist,Work on the restoration of historical structures using modern preservation techniques.
Master of Technology in Civil Engineering,Smart City Infrastructure Specialist,Design IoT-enabled smart infrastructure systems.
Master of Technology in Civil Engineering,Sustainable Construction Scientist,Research on eco-friendly construction materials and develop carbon-neutral and green buildings.
Master of Technology in Computer Science Engineering,Research Scientist (CS),"Explore new technologies, algorithms, and architectures in computer science"
Master of Technology in Computer Science Engineering,Cybersecurity Researcher,"Analyse security flaws, research emerging cyber threats, and develop new defence mechanisms."
Master of Technology in Computer Science Engineering,Data Scientist,Research new techniques and build predictive and prescriptive models.
Master of Technology in Computer Science Engineering,Cloud Computing Researcher,Explore scalable and efficient cloud architectures and design innovative solutions.
Master of Technology in Computer Science Engineering,AI & ML Researcher,Design advanced machine learning models and build intelligent machines.
Master of Technology in Computer Science Engineering,Big Data Architect,Design and document big data architecture and build frameworks for large-scale data management.
Master of Technology in Computer Science Engineering,Advanced Software Architect,Design and develop complex software systems and ensure they are scalable and reliable.
Master of Technology in Computer Science Engineering,IoT Systems Researcher,Design research-driven IoT solutions that are secure and scalable for smart industries.
Master of Technology in Computer Science Engineering,High Performance Computing Specialist,"Design, implement, and manage high-speed computing systems and networks."
Master of Technology in Electrical Engineering,Power Systems Researcher,"Perform research on power generation, transmission, distribution systems, and discover innovative solutions."
Master of Technology in Electrical Engineering,Smart Grid Specialist,Design intelligent grid systems and work with AI and IoT applications for next-gen power networks.
Master of Technology in Electrical Engineering,Electric Vehicle Systems Designer,Research on smart charging technologies and sustainable EV solutions.
Master of Technology in Electrical Engineering,High Voltage R&D Engineer,Research on high-voltage equipment and work on designing safe and reliable HV systems.
Master of Technology in Electrical Engineering,Wireless Communication Specialist,Research and develop safe and reliable wireless networks.
Master of Technology in Electrical Engineering,Photovoltaic Technology Scientist,"Research, design, and develop advanced solar cells and photovoltaic systems."
Master of Technology in Electrical Engineering,Electrical Simulation Expert,Develop simulation models to test electrical circuits and power networks.
Master of Technology in Electrical Engineering,Power Electronics Researcher,"Research on converters, inverters, energy-efficient circuits, and renewable energy integration."
Master of Technology in Electrical Engineering,Electromagnetic Field Specialist,"Design, analyse, and troubleshoot systems that use electromagnetic fields."
Master of Technology in Mechanical Engineering,R&D Engineer,Analyse market trends and develop and test new and innovative products.
Master of Technology in Mechanical Engineering,Project Manager,"Plan, execute, and complete projects, and ensure they meet budget, quality, and timeline."
Master of Technology in Mechanical Engineering,Robotics & Automation Expert,Apply mechanical engineering principles and develop automated systems and robots for industries.
Master of Technology in Mechanical Engineering,Materials Scientist,Research high-performance materials and develop new products for different industries.
Master of Technology in Mechanical Engineering,Structural Design Specialist,"Use CAD software and structural analysis techniques, and develop innovative structural solutions."
Master of Technology in Mechanical Engineering,Biomechanical Engineer,Design and develop systems and devices that interact with living organisms.
Master of Technology in Mechanical Engineering,Renewable Energy Consultant,Prepare cost-effective renewable energy solutions and work on their integration into urban infrastructure.
Master of Technology in Mechanical Engineering,Thermal Systems Specialist,"Design, analyse, and optimise energy-efficient thermal technologies."
Master of Technology in Mechanical Engineering,Research Scientist,"Experiment in labs and industries, and develop new technologies in mechanical engineering"
Post Graduate Diploma in Computer Applications,Software Developer,Develop and design customised software and applications for businesses.
Post Graduate Diploma in Computer Applications,Web Application Developer,"Write code using different programming languages, integrate APIs, and ensure data security."
Post Graduate Diploma in Computer Applications,UI/UX Designer,Create engaging digital products for websites and mobile apps.
Post Graduate Diploma in Computer Applications,IT Systems Analyst,Analyse business requirements and implement effective technological solutions.
Post Graduate Diploma in Computer Applications,IT Support Specialist,Resolve day-to-day technical issues and computer errors.
Post Graduate Diploma in Computer Applications,Mobile App Developer,"Develop and design unique applications for mobile phones and tablets, and ensure seamless performance."
Post Graduate Diploma in Computer Applications,IT Project Coordinator,"Assist in planning, coordinating, and meeting project deadlines."
Post Graduate Diploma in Computer Applications,Network Administrator,Manage and configure local and wide area networks.
Post Graduate Diploma in Computer Applications,ERP Implementation Specialist,Understand business requirements and install and configure ERP software.
Post Graduate Diploma in Yoga,Yoga Instructor,Conduct beginner yoga sessions for individuals or small groups.
Post Graduate Diploma in Yoga,Yoga Retreat Assistant,Manage schedules and activities of yoga camps and workshops for retreat centres.
Post Graduate Diploma in Yoga,Community Yoga Facilitator,"Introduce yoga in schools, NGOs, and communities."
Post Graduate Diploma in Yoga,Yoga Therapy Assistant,Assist in planning therapeutic yoga sessions for specific mental or physical health conditions.
Post Graduate Diploma in Yoga,Spa & Wellness Centre Yoga Coach,Conduct yoga-based relaxation sessions at resorts and spas.
Post Graduate Diploma in Yoga,Online Yoga Trainer,Conduct live yoga classes on virtual platforms.
Post Graduate Diploma in Yoga,Yoga Equipment Sales Specialist,"Collaborate with fitness brands and sell yoga mats, accessories, and props."
Post Graduate Diploma in Yoga,Yoga Content Creator,Share tips or record short videos for social media platforms.
Post Graduate Diploma in Yoga,Wellness Program Coordinator,"Manage yoga events, workshops, and sessions at institutions."
